category,image_name,fog_path,gt_path,mae,mse,psnr,ssim
apparel,image0000.jpg,VerticalFilter_MediumFog_Redo_3-21-26_aligned/apparel/image0000.jpg,archive/apparel/image0000.jpg,nan,nan,nan,nan
apparel,image0010.jpg,VerticalFilter_MediumFog_Redo_3-21-26_aligned/apparel/image0010.jpg,archive/apparel/image0010.jpg,nan,nan,nan,nan
apparel,image0020.jpg,VerticalFilter_MediumFog_Redo_3-21-26_aligned/apparel/image0020.jpg,archive/apparel/image0020.jpg,nan,nan,nan,nan
apparel,image0030.jpg,VerticalFilter_MediumFog_Redo_3-21-26_aligned/apparel/image0030.jpg,archive/apparel/image0030.jpg,nan,nan,nan,nan
apparel,image0040.jpg,VerticalFilter_MediumFog_Redo_3-21-26_aligned/apparel/image0040.jpg,archive/apparel/image0040.jpg,nan,nan,nan,nan
apparel,image0050.jpg,VerticalFilter_MediumFog_Redo_3-21-26_aligned/apparel/image0050.jpg,archive/apparel/image0050.jpg,nan,nan,nan,nan
apparel,image0060.jpg,VerticalFilter_MediumFog_Redo_3-21-26_aligned/apparel/image0060.jpg,archive/apparel/image0060.jpg,nan,nan,nan,nan
apparel,image0070.jpg,VerticalFilter_MediumFog_Redo_3-21-26_aligned/apparel/image0070.jpg,archive/apparel/image0070.jpg,nan,nan,nan,nan
apparel,image0080.jpg,VerticalFilter_MediumFog_Redo_3-21-26_aligned/apparel/image0080.jpg,archive/apparel/image0080.jpg,nan,nan,nan,nan
apparel,image0090.jpg,VerticalFilter_MediumFog_Redo_3-21-26_aligned/apparel/image0090.jpg,archive/apparel/image0090.jpg,nan,nan,nan,nan
apparel,image0100.jpg,VerticalFilter_MediumFog_Redo_3-21-26_aligned/apparel/image0100.jpg,archive/apparel/image0100.jpg,nan,nan,nan,nan
apparel,image0110.jpg,VerticalFilter_MediumFog_Redo_3-21-26_aligned/apparel/image0110.jpg,archive/apparel/image0110.jpg,nan,nan,nan,nan
apparel,image0120.jpg,VerticalFilter_MediumFog_Redo_3-21-26_aligned/apparel/image0120.jpg,archive/apparel/image0120.jpg,nan,nan,nan,nan
apparel,image0130.jpg,VerticalFilter_MediumFog_Redo_3-21-26_aligned/apparel/image0130.jpg,archive/apparel/image0130.jpg,nan,nan,nan,nan
apparel,image0140.jpg,VerticalFilter_MediumFog_Redo_3-21-26_aligned/apparel/image0140.jpg,archive/apparel/image0140.jpg,nan,nan,nan,nan
apparel,image0150.jpg,VerticalFilter_MediumFog_Redo_3-21-26_aligned/apparel/image0150.jpg,archive/apparel/image0150.jpg,nan,nan,nan,nan
apparel,image0160.jpg,VerticalFilter_MediumFog_Redo_3-21-26_aligned/apparel/image0160.jpg,archive/apparel/image0160.jpg,nan,nan,nan,nan
apparel,image0170.jpg,VerticalFilter_MediumFog_Redo_3-21-26_aligned/apparel/image0170.jpg,archive/apparel/image0170.jpg,nan,nan,nan,nan
apparel,image0180.jpg,VerticalFilter_MediumFog_Redo_3-21-26_aligned/apparel/image0180.jpg,archive/apparel/image0180.jpg,nan,nan,nan,nan
apparel,image0190.jpg,VerticalFilter_MediumFog_Redo_3-21-26_aligned/apparel/image0190.jpg,archive/apparel/image0190.jpg,nan,nan,nan,nan
apparel,image0200.jpg,VerticalFilter_MediumFog_Redo_3-21-26_aligned/apparel/image0200.jpg,archive/apparel/image0200.jpg,nan,nan,nan,nan
apparel,image0210.jpg,VerticalFilter_MediumFog_Redo_3-21-26_aligned/apparel/image0210.jpg,archive/apparel/image0210.jpg,nan,nan,nan,nan
apparel,image0220.jpg,VerticalFilter_MediumFog_Redo_3-21-26_aligned/apparel/image0220.jpg,archive/apparel/image0220.jpg,nan,nan,nan,nan
apparel,image0230.jpg,VerticalFilter_MediumFog_Redo_3-21-26_aligned/apparel/image0230.jpg,archive/apparel/image0230.jpg,nan,nan,nan,nan
apparel,image0240.jpg,VerticalFilter_MediumFog_Redo_3-21-26_aligned/apparel/image0240.jpg,archive/apparel/image0240.jpg,nan,nan,nan,nan
apparel,image0250.jpg,VerticalFilter_MediumFog_Redo_3-21-26_aligned/apparel/image0250.jpg,archive/apparel/image0250.jpg,nan,nan,nan,nan
apparel,image0260.jpg,VerticalFilter_MediumFog_Redo_3-21-26_aligned/apparel/image0260.jpg,archive/apparel/image0260.jpg,nan,nan,nan,nan
apparel,image0270.jpg,VerticalFilter_MediumFog_Redo_3-21-26_aligned/apparel/image0270.jpg,archive/apparel/image0270.jpg,nan,nan,nan,nan
apparel,image0280.jpg,VerticalFilter_MediumFog_Redo_3-21-26_aligned/apparel/image0280.jpg,archive/apparel/image0280.jpg,nan,nan,nan,nan
apparel,image0290.jpg,VerticalFilter_MediumFog_Redo_3-21-26_aligned/apparel/image0290.jpg,archive/apparel/image0290.jpg,nan,nan,nan,nan
apparel,image0300.jpg,VerticalFilter_MediumFog_Redo_3-21-26_aligned/apparel/image0300.jpg,archive/apparel/image0300.jpg,nan,nan,nan,nan
apparel,image0310.jpg,VerticalFilter_MediumFog_Redo_3-21-26_aligned/apparel/image0310.jpg,archive/apparel/image0310.jpg,nan,nan,nan,nan
apparel,image0320.jpg,VerticalFilter_MediumFog_Redo_3-21-26_aligned/apparel/image0320.jpg,archive/apparel/image0320.jpg,nan,nan,nan,nan
apparel,image0330.jpg,VerticalFilter_MediumFog_Redo_3-21-26_aligned/apparel/image0330.jpg,archive/apparel/image0330.jpg,nan,nan,nan,nan
apparel,image0340.jpg,VerticalFilter_MediumFog_Redo_3-21-26_aligned/apparel/image0340.jpg,archive/apparel/image0340.jpg,nan,nan,nan,nan
apparel,image0350.jpg,VerticalFilter_MediumFog_Redo_3-21-26_aligned/apparel/image0350.jpg,archive/apparel/image0350.jpg,nan,nan,nan,nan
apparel,image0360.jpg,VerticalFilter_MediumFog_Redo_3-21-26_aligned/apparel/image0360.jpg,archive/apparel/image0360.jpg,nan,nan,nan,nan
apparel,image0370.jpg,VerticalFilter_MediumFog_Redo_3-21-26_aligned/apparel/image0370.jpg,archive/apparel/image0370.jpg,nan,nan,nan,nan
apparel,image0380.jpg,VerticalFilter_MediumFog_Redo_3-21-26_aligned/apparel/image0380.jpg,archive/apparel/image0380.jpg,nan,nan,nan,nan
apparel,image0390.jpg,VerticalFilter_MediumFog_Redo_3-21-26_aligned/apparel/image0390.jpg,archive/apparel/image0390.jpg,nan,nan,nan,nan
apparel,image0400.jpg,VerticalFilter_MediumFog_Redo_3-21-26_aligned/apparel/image0400.jpg,archive/apparel/image0400.jpg,nan,nan,nan,nan
apparel,image0410.jpg,VerticalFilter_MediumFog_Redo_3-21-26_aligned/apparel/image0410.jpg,archive/apparel/image0410.jpg,nan,nan,nan,nan
apparel,image0420.jpg,VerticalFilter_MediumFog_Redo_3-21-26_aligned/apparel/image0420.jpg,archive/apparel/image0420.jpg,nan,nan,nan,nan
apparel,image0430.jpg,VerticalFilter_MediumFog_Redo_3-21-26_aligned/apparel/image0430.jpg,archive/apparel/image0430.jpg,nan,nan,nan,nan
apparel,image0440.jpg,VerticalFilter_MediumFog_Redo_3-21-26_aligned/apparel/image0440.jpg,archive/apparel/image0440.jpg,nan,nan,nan,nan
apparel,image0450.jpg,VerticalFilter_MediumFog_Redo_3-21-26_aligned/apparel/image0450.jpg,archive/apparel/image0450.jpg,nan,nan,nan,nan
apparel,image0460.jpg,VerticalFilter_MediumFog_Redo_3-21-26_aligned/apparel/image0460.jpg,archive/apparel/image0460.jpg,nan,nan,nan,nan
apparel,image0470.jpg,VerticalFilter_MediumFog_Redo_3-21-26_aligned/apparel/image0470.jpg,archive/apparel/image0470.jpg,nan,nan,nan,nan
apparel,image0480.jpg,VerticalFilter_MediumFog_Redo_3-21-26_aligned/apparel/image0480.jpg,archive/apparel/image0480.jpg,nan,nan,nan,nan
apparel,image0490.jpg,VerticalFilter_MediumFog_Redo_3-21-26_aligned/apparel/image0490.jpg,archive/apparel/image0490.jpg,nan,nan,nan,nan
apparel,image0500.jpg,VerticalFilter_MediumFog_Redo_3-21-26_aligned/apparel/image0500.jpg,archive/apparel/image0500.jpg,nan,nan,nan,nan
apparel,image0510.jpg,VerticalFilter_MediumFog_Redo_3-21-26_aligned/apparel/image0510.jpg,archive/apparel/image0510.jpg,nan,nan,nan,nan
apparel,image0520.jpg,VerticalFilter_MediumFog_Redo_3-21-26_aligned/apparel/image0520.jpg,archive/apparel/image0520.jpg,nan,nan,nan,nan
apparel,image0530.jpg,VerticalFilter_MediumFog_Redo_3-21-26_aligned/apparel/image0530.jpg,archive/apparel/image0530.jpg,nan,nan,nan,nan
apparel,image0540.jpg,VerticalFilter_MediumFog_Redo_3-21-26_aligned/apparel/image0540.jpg,archive/apparel/image0540.jpg,nan,nan,nan,nan
apparel,image0550.jpg,VerticalFilter_MediumFog_Redo_3-21-26_aligned/apparel/image0550.jpg,archive/apparel/image0550.jpg,nan,nan,nan,nan
apparel,image0560.jpg,VerticalFilter_MediumFog_Redo_3-21-26_aligned/apparel/image0560.jpg,archive/apparel/image0560.jpg,nan,nan,nan,nan
apparel,image0570.jpg,VerticalFilter_MediumFog_Redo_3-21-26_aligned/apparel/image0570.jpg,archive/apparel/image0570.jpg,nan,nan,nan,nan
apparel,image0580.jpg,VerticalFilter_MediumFog_Redo_3-21-26_aligned/apparel/image0580.jpg,archive/apparel/image0580.jpg,nan,nan,nan,nan
apparel,image0590.jpg,VerticalFilter_MediumFog_Redo_3-21-26_aligned/apparel/image0590.jpg,archive/apparel/image0590.jpg,nan,nan,nan,nan
apparel,image0600.jpg,VerticalFilter_MediumFog_Redo_3-21-26_aligned/apparel/image0600.jpg,archive/apparel/image0600.jpg,nan,nan,nan,nan
apparel,image0610.jpg,VerticalFilter_MediumFog_Redo_3-21-26_aligned/apparel/image0610.jpg,archive/apparel/image0610.jpg,nan,nan,nan,nan
apparel,image0620.jpg,VerticalFilter_MediumFog_Redo_3-21-26_aligned/apparel/image0620.jpg,archive/apparel/image0620.jpg,nan,nan,nan,nan
apparel,image0630.jpg,VerticalFilter_MediumFog_Redo_3-21-26_aligned/apparel/image0630.jpg,archive/apparel/image0630.jpg,nan,nan,nan,nan
apparel,image0640.jpg,VerticalFilter_MediumFog_Redo_3-21-26_aligned/apparel/image0640.jpg,archive/apparel/image0640.jpg,nan,nan,nan,nan
apparel,image0650.jpg,VerticalFilter_MediumFog_Redo_3-21-26_aligned/apparel/image0650.jpg,archive/apparel/image0650.jpg,nan,nan,nan,nan
apparel,image0660.jpg,VerticalFilter_MediumFog_Redo_3-21-26_aligned/apparel/image0660.jpg,archive/apparel/image0660.jpg,nan,nan,nan,nan
apparel,image0670.jpg,VerticalFilter_MediumFog_Redo_3-21-26_aligned/apparel/image0670.jpg,archive/apparel/image0670.jpg,nan,nan,nan,nan
apparel,image0680.jpg,VerticalFilter_MediumFog_Redo_3-21-26_aligned/apparel/image0680.jpg,archive/apparel/image0680.jpg,nan,nan,nan,nan
apparel,image0690.jpg,VerticalFilter_MediumFog_Redo_3-21-26_aligned/apparel/image0690.jpg,archive/apparel/image0690.jpg,nan,nan,nan,nan
apparel,image0700.jpg,VerticalFilter_MediumFog_Redo_3-21-26_aligned/apparel/image0700.jpg,archive/apparel/image0700.jpg,nan,nan,nan,nan
apparel,image0710.jpg,VerticalFilter_MediumFog_Redo_3-21-26_aligned/apparel/image0710.jpg,archive/apparel/image0710.jpg,nan,nan,nan,nan
apparel,image0720.jpg,VerticalFilter_MediumFog_Redo_3-21-26_aligned/apparel/image0720.jpg,archive/apparel/image0720.jpg,nan,nan,nan,nan
apparel,image0730.jpg,VerticalFilter_MediumFog_Redo_3-21-26_aligned/apparel/image0730.jpg,archive/apparel/image0730.jpg,nan,nan,nan,nan
apparel,image0740.jpg,VerticalFilter_MediumFog_Redo_3-21-26_aligned/apparel/image0740.jpg,archive/apparel/image0740.jpg,nan,nan,nan,nan
apparel,image0750.jpg,VerticalFilter_MediumFog_Redo_3-21-26_aligned/apparel/image0750.jpg,archive/apparel/image0750.jpg,nan,nan,nan,nan
apparel,image0760.jpg,VerticalFilter_MediumFog_Redo_3-21-26_aligned/apparel/image0760.jpg,archive/apparel/image0760.jpg,nan,nan,nan,nan
apparel,image0770.jpg,VerticalFilter_MediumFog_Redo_3-21-26_aligned/apparel/image0770.jpg,archive/apparel/image0770.jpg,nan,nan,nan,nan
apparel,image0780.jpg,VerticalFilter_MediumFog_Redo_3-21-26_aligned/apparel/image0780.jpg,archive/apparel/image0780.jpg,nan,nan,nan,nan
apparel,image0790.jpg,VerticalFilter_MediumFog_Redo_3-21-26_aligned/apparel/image0790.jpg,archive/apparel/image0790.jpg,nan,nan,nan,nan
apparel,image0800.jpg,VerticalFilter_MediumFog_Redo_3-21-26_aligned/apparel/image0800.jpg,archive/apparel/image0800.jpg,nan,nan,nan,nan
apparel,image0810.jpg,VerticalFilter_MediumFog_Redo_3-21-26_aligned/apparel/image0810.jpg,archive/apparel/image0810.jpg,nan,nan,nan,nan
apparel,image0820.jpg,VerticalFilter_MediumFog_Redo_3-21-26_aligned/apparel/image0820.jpg,archive/apparel/image0820.jpg,nan,nan,nan,nan
apparel,image0830.jpg,VerticalFilter_MediumFog_Redo_3-21-26_aligned/apparel/image0830.jpg,archive/apparel/image0830.jpg,nan,nan,nan,nan
apparel,image0840.jpg,VerticalFilter_MediumFog_Redo_3-21-26_aligned/apparel/image0840.jpg,archive/apparel/image0840.jpg,nan,nan,nan,nan
apparel,image0850.jpg,VerticalFilter_MediumFog_Redo_3-21-26_aligned/apparel/image0850.jpg,archive/apparel/image0850.jpg,nan,nan,nan,nan
apparel,image0860.jpg,VerticalFilter_MediumFog_Redo_3-21-26_aligned/apparel/image0860.jpg,archive/apparel/image0860.jpg,nan,nan,nan,nan
apparel,image0870.jpg,VerticalFilter_MediumFog_Redo_3-21-26_aligned/apparel/image0870.jpg,archive/apparel/image0870.jpg,nan,nan,nan,nan
apparel,image0880.jpg,VerticalFilter_MediumFog_Redo_3-21-26_aligned/apparel/image0880.jpg,archive/apparel/image0880.jpg,nan,nan,nan,nan
apparel,image0890.jpg,VerticalFilter_MediumFog_Redo_3-21-26_aligned/apparel/image0890.jpg,archive/apparel/image0890.jpg,nan,nan,nan,nan
apparel,image0900.jpg,VerticalFilter_MediumFog_Redo_3-21-26_aligned/apparel/image0900.jpg,archive/apparel/image0900.jpg,nan,nan,nan,nan
apparel,image0910.jpg,VerticalFilter_MediumFog_Redo_3-21-26_aligned/apparel/image0910.jpg,archive/apparel/image0910.jpg,nan,nan,nan,nan
artwork,image0000.jpeg,VerticalFilter_MediumFog_Redo_3-21-26_aligned/artwork/image0000.jpeg,archive/artwork/image0000.jpeg,nan,nan,nan,nan
artwork,image0010.jpeg,VerticalFilter_MediumFog_Redo_3-21-26_aligned/artwork/image0010.jpeg,archive/artwork/image0010.jpeg,nan,nan,nan,nan
artwork,image0020.jpeg,VerticalFilter_MediumFog_Redo_3-21-26_aligned/artwork/image0020.jpeg,archive/artwork/image0020.jpeg,nan,nan,nan,nan
artwork,image0030.jpeg,VerticalFilter_MediumFog_Redo_3-21-26_aligned/artwork/image0030.jpeg,archive/artwork/image0030.jpeg,nan,nan,nan,nan
artwork,image0040.jpeg,VerticalFilter_MediumFog_Redo_3-21-26_aligned/artwork/image0040.jpeg,archive/artwork/image0040.jpeg,nan,nan,nan,nan
artwork,image0050.jpeg,VerticalFilter_MediumFog_Redo_3-21-26_aligned/artwork/image0050.jpeg,archive/artwork/image0050.jpeg,nan,nan,nan,nan
artwork,image0060.jpeg,VerticalFilter_MediumFog_Redo_3-21-26_aligned/artwork/image0060.jpeg,archive/artwork/image0060.jpeg,nan,nan,nan,nan
artwork,image0070.jpeg,VerticalFilter_MediumFog_Redo_3-21-26_aligned/artwork/image0070.jpeg,archive/artwork/image0070.jpeg,nan,nan,nan,nan
artwork,image0080.jpeg,VerticalFilter_MediumFog_Redo_3-21-26_aligned/artwork/image0080.jpeg,archive/artwork/image0080.jpeg,nan,nan,nan,nan
artwork,image0090.jpeg,VerticalFilter_MediumFog_Redo_3-21-26_aligned/artwork/image0090.jpeg,archive/artwork/image0090.jpeg,nan,nan,nan,nan
artwork,image0100.jpeg,VerticalFilter_MediumFog_Redo_3-21-26_aligned/artwork/image0100.jpeg,archive/artwork/image0100.jpeg,nan,nan,nan,nan
artwork,image0110.jpeg,VerticalFilter_MediumFog_Redo_3-21-26_aligned/artwork/image0110.jpeg,archive/artwork/image0110.jpeg,nan,nan,nan,nan
artwork,image0120.jpeg,VerticalFilter_MediumFog_Redo_3-21-26_aligned/artwork/image0120.jpeg,archive/artwork/image0120.jpeg,nan,nan,nan,nan
artwork,image0130.jpeg,VerticalFilter_MediumFog_Redo_3-21-26_aligned/artwork/image0130.jpeg,archive/artwork/image0130.jpeg,nan,nan,nan,nan
artwork,image0140.jpeg,VerticalFilter_MediumFog_Redo_3-21-26_aligned/artwork/image0140.jpeg,archive/artwork/image0140.jpeg,nan,nan,nan,nan
artwork,image0150.jpeg,VerticalFilter_MediumFog_Redo_3-21-26_aligned/artwork/image0150.jpeg,archive/artwork/image0150.jpeg,nan,nan,nan,nan
artwork,image0160.jpeg,VerticalFilter_MediumFog_Redo_3-21-26_aligned/artwork/image0160.jpeg,archive/artwork/image0160.jpeg,nan,nan,nan,nan
artwork,image0170.jpeg,VerticalFilter_MediumFog_Redo_3-21-26_aligned/artwork/image0170.jpeg,archive/artwork/image0170.jpeg,nan,nan,nan,nan
artwork,image0180.jpeg,VerticalFilter_MediumFog_Redo_3-21-26_aligned/artwork/image0180.jpeg,archive/artwork/image0180.jpeg,nan,nan,nan,nan
artwork,image0190.jpeg,VerticalFilter_MediumFog_Redo_3-21-26_aligned/artwork/image0190.jpeg,archive/artwork/image0190.jpeg,nan,nan,nan,nan
artwork,image0200.jpeg,VerticalFilter_MediumFog_Redo_3-21-26_aligned/artwork/image0200.jpeg,archive/artwork/image0200.jpeg,nan,nan,nan,nan
artwork,image0210.jpeg,VerticalFilter_MediumFog_Redo_3-21-26_aligned/artwork/image0210.jpeg,archive/artwork/image0210.jpeg,nan,nan,nan,nan
artwork,image0220.jpeg,VerticalFilter_MediumFog_Redo_3-21-26_aligned/artwork/image0220.jpeg,archive/artwork/image0220.jpeg,nan,nan,nan,nan
artwork,image0230.jpeg,VerticalFilter_MediumFog_Redo_3-21-26_aligned/artwork/image0230.jpeg,archive/artwork/image0230.jpeg,nan,nan,nan,nan
artwork,image0240.jpeg,VerticalFilter_MediumFog_Redo_3-21-26_aligned/artwork/image0240.jpeg,archive/artwork/image0240.jpeg,nan,nan,nan,nan
artwork,image0250.jpeg,VerticalFilter_MediumFog_Redo_3-21-26_aligned/artwork/image0250.jpeg,archive/artwork/image0250.jpeg,nan,nan,nan,nan
artwork,image0260.jpeg,VerticalFilter_MediumFog_Redo_3-21-26_aligned/artwork/image0260.jpeg,archive/artwork/image0260.jpeg,nan,nan,nan,nan
artwork,image0270.png,VerticalFilter_MediumFog_Redo_3-21-26_aligned/artwork/image0270.png,archive/artwork/image0270.png,nan,nan,nan,nan
artwork,image0280.png,VerticalFilter_MediumFog_Redo_3-21-26_aligned/artwork/image0280.png,archive/artwork/image0280.png,nan,nan,nan,nan
artwork,image0290.png,VerticalFilter_MediumFog_Redo_3-21-26_aligned/artwork/image0290.png,archive/artwork/image0290.png,nan,nan,nan,nan
artwork,image0300.jpeg,VerticalFilter_MediumFog_Redo_3-21-26_aligned/artwork/image0300.jpeg,archive/artwork/image0300.jpeg,nan,nan,nan,nan
artwork,image0310.jpeg,VerticalFilter_MediumFog_Redo_3-21-26_aligned/artwork/image0310.jpeg,archive/artwork/image0310.jpeg,nan,nan,nan,nan
artwork,image0320.jpeg,VerticalFilter_MediumFog_Redo_3-21-26_aligned/artwork/image0320.jpeg,archive/artwork/image0320.jpeg,nan,nan,nan,nan
artwork,image0330.jpeg,VerticalFilter_MediumFog_Redo_3-21-26_aligned/artwork/image0330.jpeg,archive/artwork/image0330.jpeg,nan,nan,nan,nan
artwork,image0340.jpeg,VerticalFilter_MediumFog_Redo_3-21-26_aligned/artwork/image0340.jpeg,archive/artwork/image0340.jpeg,nan,nan,nan,nan
artwork,image0350.jpeg,VerticalFilter_MediumFog_Redo_3-21-26_aligned/artwork/image0350.jpeg,archive/artwork/image0350.jpeg,nan,nan,nan,nan
artwork,image0360.jpeg,VerticalFilter_MediumFog_Redo_3-21-26_aligned/artwork/image0360.jpeg,archive/artwork/image0360.jpeg,nan,nan,nan,nan
artwork,image0370.jpeg,VerticalFilter_MediumFog_Redo_3-21-26_aligned/artwork/image0370.jpeg,archive/artwork/image0370.jpeg,nan,nan,nan,nan
artwork,image0380.jpeg,VerticalFilter_MediumFog_Redo_3-21-26_aligned/artwork/image0380.jpeg,archive/artwork/image0380.jpeg,nan,nan,nan,nan
artwork,image0390.jpeg,VerticalFilter_MediumFog_Redo_3-21-26_aligned/artwork/image0390.jpeg,archive/artwork/image0390.jpeg,nan,nan,nan,nan
artwork,image0400.jpeg,VerticalFilter_MediumFog_Redo_3-21-26_aligned/artwork/image0400.jpeg,archive/artwork/image0400.jpeg,nan,nan,nan,nan
artwork,image0410.jpeg,VerticalFilter_MediumFog_Redo_3-21-26_aligned/artwork/image0410.jpeg,archive/artwork/image0410.jpeg,nan,nan,nan,nan
artwork,image0420.jpeg,VerticalFilter_MediumFog_Redo_3-21-26_aligned/artwork/image0420.jpeg,archive/artwork/image0420.jpeg,nan,nan,nan,nan
artwork,image0430.jpeg,VerticalFilter_MediumFog_Redo_3-21-26_aligned/artwork/image0430.jpeg,archive/artwork/image0430.jpeg,nan,nan,nan,nan
artwork,image0440.jpeg,VerticalFilter_MediumFog_Redo_3-21-26_aligned/artwork/image0440.jpeg,archive/artwork/image0440.jpeg,nan,nan,nan,nan
artwork,image0450.jpeg,VerticalFilter_MediumFog_Redo_3-21-26_aligned/artwork/image0450.jpeg,archive/artwork/image0450.jpeg,nan,nan,nan,nan
artwork,image0460.jpeg,VerticalFilter_MediumFog_Redo_3-21-26_aligned/artwork/image0460.jpeg,archive/artwork/image0460.jpeg,nan,nan,nan,nan
artwork,image0470.jpeg,VerticalFilter_MediumFog_Redo_3-21-26_aligned/artwork/image0470.jpeg,archive/artwork/image0470.jpeg,nan,nan,nan,nan
artwork,image0480.jpeg,VerticalFilter_MediumFog_Redo_3-21-26_aligned/artwork/image0480.jpeg,archive/artwork/image0480.jpeg,nan,nan,nan,nan
artwork,image0490.jpeg,VerticalFilter_MediumFog_Redo_3-21-26_aligned/artwork/image0490.jpeg,archive/artwork/image0490.jpeg,nan,nan,nan,nan
artwork,image0500.jpeg,VerticalFilter_MediumFog_Redo_3-21-26_aligned/artwork/image0500.jpeg,archive/artwork/image0500.jpeg,nan,nan,nan,nan
artwork,image0510.jpeg,VerticalFilter_MediumFog_Redo_3-21-26_aligned/artwork/image0510.jpeg,archive/artwork/image0510.jpeg,nan,nan,nan,nan
artwork,image0520.jpeg,VerticalFilter_MediumFog_Redo_3-21-26_aligned/artwork/image0520.jpeg,archive/artwork/image0520.jpeg,nan,nan,nan,nan
artwork,image0530.jpeg,VerticalFilter_MediumFog_Redo_3-21-26_aligned/artwork/image0530.jpeg,archive/artwork/image0530.jpeg,nan,nan,nan,nan
artwork,image0540.jpeg,VerticalFilter_MediumFog_Redo_3-21-26_aligned/artwork/image0540.jpeg,archive/artwork/image0540.jpeg,nan,nan,nan,nan
artwork,image0550.jpeg,VerticalFilter_MediumFog_Redo_3-21-26_aligned/artwork/image0550.jpeg,archive/artwork/image0550.jpeg,nan,nan,nan,nan
artwork,image0560.jpeg,VerticalFilter_MediumFog_Redo_3-21-26_aligned/artwork/image0560.jpeg,archive/artwork/image0560.jpeg,nan,nan,nan,nan
artwork,image0570.jpeg,VerticalFilter_MediumFog_Redo_3-21-26_aligned/artwork/image0570.jpeg,archive/artwork/image0570.jpeg,nan,nan,nan,nan
artwork,image0580.jpeg,VerticalFilter_MediumFog_Redo_3-21-26_aligned/artwork/image0580.jpeg,archive/artwork/image0580.jpeg,nan,nan,nan,nan
artwork,image0591.jpeg,VerticalFilter_MediumFog_Redo_3-21-26_aligned/artwork/image0591.jpeg,archive/artwork/image0591.jpeg,nan,nan,nan,nan
artwork,image0601.jpeg,VerticalFilter_MediumFog_Redo_3-21-26_aligned/artwork/image0601.jpeg,archive/artwork/image0601.jpeg,nan,nan,nan,nan
artwork,image0611.jpeg,VerticalFilter_MediumFog_Redo_3-21-26_aligned/artwork/image0611.jpeg,archive/artwork/image0611.jpeg,nan,nan,nan,nan
artwork,image0621.jpeg,VerticalFilter_MediumFog_Redo_3-21-26_aligned/artwork/image0621.jpeg,archive/artwork/image0621.jpeg,nan,nan,nan,nan
artwork,image0631.jpeg,VerticalFilter_MediumFog_Redo_3-21-26_aligned/artwork/image0631.jpeg,archive/artwork/image0631.jpeg,nan,nan,nan,nan
artwork,image0641.jpeg,VerticalFilter_MediumFog_Redo_3-21-26_aligned/artwork/image0641.jpeg,archive/artwork/image0641.jpeg,nan,nan,nan,nan
artwork,image0651.jpeg,VerticalFilter_MediumFog_Redo_3-21-26_aligned/artwork/image0651.jpeg,archive/artwork/image0651.jpeg,nan,nan,nan,nan
artwork,image0661.jpeg,VerticalFilter_MediumFog_Redo_3-21-26_aligned/artwork/image0661.jpeg,archive/artwork/image0661.jpeg,nan,nan,nan,nan
artwork,image0671.jpeg,VerticalFilter_MediumFog_Redo_3-21-26_aligned/artwork/image0671.jpeg,archive/artwork/image0671.jpeg,nan,nan,nan,nan
artwork,image0681.jpeg,VerticalFilter_MediumFog_Redo_3-21-26_aligned/artwork/image0681.jpeg,archive/artwork/image0681.jpeg,nan,nan,nan,nan
artwork,image0691.jpeg,VerticalFilter_MediumFog_Redo_3-21-26_aligned/artwork/image0691.jpeg,archive/artwork/image0691.jpeg,nan,nan,nan,nan
artwork,image0701.png,VerticalFilter_MediumFog_Redo_3-21-26_aligned/artwork/image0701.png,archive/artwork/image0701.png,nan,nan,nan,nan
artwork,image0711.jpeg,VerticalFilter_MediumFog_Redo_3-21-26_aligned/artwork/image0711.jpeg,archive/artwork/image0711.jpeg,nan,nan,nan,nan
artwork,image0721.jpeg,VerticalFilter_MediumFog_Redo_3-21-26_aligned/artwork/image0721.jpeg,archive/artwork/image0721.jpeg,nan,nan,nan,nan
artwork,image0731.jpeg,VerticalFilter_MediumFog_Redo_3-21-26_aligned/artwork/image0731.jpeg,archive/artwork/image0731.jpeg,nan,nan,nan,nan
artwork,image0741.jpeg,VerticalFilter_MediumFog_Redo_3-21-26_aligned/artwork/image0741.jpeg,archive/artwork/image0741.jpeg,nan,nan,nan,nan
artwork,image0751.jpeg,VerticalFilter_MediumFog_Redo_3-21-26_aligned/artwork/image0751.jpeg,archive/artwork/image0751.jpeg,nan,nan,nan,nan
artwork,image0761.jpeg,VerticalFilter_MediumFog_Redo_3-21-26_aligned/artwork/image0761.jpeg,archive/artwork/image0761.jpeg,nan,nan,nan,nan
artwork,image0771.jpeg,VerticalFilter_MediumFog_Redo_3-21-26_aligned/artwork/image0771.jpeg,archive/artwork/image0771.jpeg,nan,nan,nan,nan
artwork,image0781.png,VerticalFilter_MediumFog_Redo_3-21-26_aligned/artwork/image0781.png,archive/artwork/image0781.png,nan,nan,nan,nan
artwork,image0791.jpeg,VerticalFilter_MediumFog_Redo_3-21-26_aligned/artwork/image0791.jpeg,archive/artwork/image0791.jpeg,nan,nan,nan,nan
artwork,image0801.jpeg,VerticalFilter_MediumFog_Redo_3-21-26_aligned/artwork/image0801.jpeg,archive/artwork/image0801.jpeg,nan,nan,nan,nan
artwork,image0811.jpeg,VerticalFilter_MediumFog_Redo_3-21-26_aligned/artwork/image0811.jpeg,archive/artwork/image0811.jpeg,nan,nan,nan,nan
artwork,image0821.jpeg,VerticalFilter_MediumFog_Redo_3-21-26_aligned/artwork/image0821.jpeg,archive/artwork/image0821.jpeg,nan,nan,nan,nan
artwork,image0831.jpeg,VerticalFilter_MediumFog_Redo_3-21-26_aligned/artwork/image0831.jpeg,archive/artwork/image0831.jpeg,nan,nan,nan,nan
artwork,image0842.jpeg,VerticalFilter_MediumFog_Redo_3-21-26_aligned/artwork/image0842.jpeg,archive/artwork/image0842.jpeg,nan,nan,nan,nan
artwork,image0852.jpeg,VerticalFilter_MediumFog_Redo_3-21-26_aligned/artwork/image0852.jpeg,archive/artwork/image0852.jpeg,nan,nan,nan,nan
artwork,image0862.jpeg,VerticalFilter_MediumFog_Redo_3-21-26_aligned/artwork/image0862.jpeg,archive/artwork/image0862.jpeg,nan,nan,nan,nan
artwork,image0872.jpeg,VerticalFilter_MediumFog_Redo_3-21-26_aligned/artwork/image0872.jpeg,archive/artwork/image0872.jpeg,nan,nan,nan,nan
artwork,image0882.png,VerticalFilter_MediumFog_Redo_3-21-26_aligned/artwork/image0882.png,archive/artwork/image0882.png,nan,nan,nan,nan
artwork,image0892.jpeg,VerticalFilter_MediumFog_Redo_3-21-26_aligned/artwork/image0892.jpeg,archive/artwork/image0892.jpeg,nan,nan,nan,nan
artwork,image0902.jpeg,VerticalFilter_MediumFog_Redo_3-21-26_aligned/artwork/image0902.jpeg,archive/artwork/image0902.jpeg,nan,nan,nan,nan
artwork,image0912.jpeg,VerticalFilter_MediumFog_Redo_3-21-26_aligned/artwork/image0912.jpeg,archive/artwork/image0912.jpeg,nan,nan,nan,nan
cars,image0000.jpg,VerticalFilter_MediumFog_Redo_3-21-26_aligned/cars/image0000.jpg,archive/cars/image0000.jpg,nan,nan,nan,nan
cars,image0010.jpg,VerticalFilter_MediumFog_Redo_3-21-26_aligned/cars/image0010.jpg,archive/cars/image0010.jpg,nan,nan,nan,nan
cars,image0020.jpg,VerticalFilter_MediumFog_Redo_3-21-26_aligned/cars/image0020.jpg,archive/cars/image0020.jpg,nan,nan,nan,nan
cars,image0030.jpg,VerticalFilter_MediumFog_Redo_3-21-26_aligned/cars/image0030.jpg,archive/cars/image0030.jpg,nan,nan,nan,nan
cars,image0040.jpg,VerticalFilter_MediumFog_Redo_3-21-26_aligned/cars/image0040.jpg,archive/cars/image0040.jpg,nan,nan,nan,nan
cars,image0050.jpg,VerticalFilter_MediumFog_Redo_3-21-26_aligned/cars/image0050.jpg,archive/cars/image0050.jpg,nan,nan,nan,nan
cars,image0060.jpg,VerticalFilter_MediumFog_Redo_3-21-26_aligned/cars/image0060.jpg,archive/cars/image0060.jpg,nan,nan,nan,nan
cars,image0070.jpg,VerticalFilter_MediumFog_Redo_3-21-26_aligned/cars/image0070.jpg,archive/cars/image0070.jpg,nan,nan,nan,nan
cars,image0080.jpg,VerticalFilter_MediumFog_Redo_3-21-26_aligned/cars/image0080.jpg,archive/cars/image0080.jpg,nan,nan,nan,nan
cars,image0090.jpg,VerticalFilter_MediumFog_Redo_3-21-26_aligned/cars/image0090.jpg,archive/cars/image0090.jpg,nan,nan,nan,nan
cars,image0100.jpg,VerticalFilter_MediumFog_Redo_3-21-26_aligned/cars/image0100.jpg,archive/cars/image0100.jpg,nan,nan,nan,nan
cars,image0110.jpg,VerticalFilter_MediumFog_Redo_3-21-26_aligned/cars/image0110.jpg,archive/cars/image0110.jpg,nan,nan,nan,nan
cars,image0120.jpg,VerticalFilter_MediumFog_Redo_3-21-26_aligned/cars/image0120.jpg,archive/cars/image0120.jpg,nan,nan,nan,nan
cars,image0130.jpg,VerticalFilter_MediumFog_Redo_3-21-26_aligned/cars/image0130.jpg,archive/cars/image0130.jpg,nan,nan,nan,nan
cars,image0140.jpg,VerticalFilter_MediumFog_Redo_3-21-26_aligned/cars/image0140.jpg,archive/cars/image0140.jpg,nan,nan,nan,nan
cars,image0150.jpg,VerticalFilter_MediumFog_Redo_3-21-26_aligned/cars/image0150.jpg,archive/cars/image0150.jpg,nan,nan,nan,nan
cars,image0160.jpg,VerticalFilter_MediumFog_Redo_3-21-26_aligned/cars/image0160.jpg,archive/cars/image0160.jpg,nan,nan,nan,nan
cars,image0170.jpg,VerticalFilter_MediumFog_Redo_3-21-26_aligned/cars/image0170.jpg,archive/cars/image0170.jpg,nan,nan,nan,nan
cars,image0180.jpg,VerticalFilter_MediumFog_Redo_3-21-26_aligned/cars/image0180.jpg,archive/cars/image0180.jpg,nan,nan,nan,nan
cars,image0190.jpg,VerticalFilter_MediumFog_Redo_3-21-26_aligned/cars/image0190.jpg,archive/cars/image0190.jpg,nan,nan,nan,nan
cars,image0200.jpg,VerticalFilter_MediumFog_Redo_3-21-26_aligned/cars/image0200.jpg,archive/cars/image0200.jpg,nan,nan,nan,nan
cars,image0210.jpg,VerticalFilter_MediumFog_Redo_3-21-26_aligned/cars/image0210.jpg,archive/cars/image0210.jpg,nan,nan,nan,nan
cars,image0220.jpg,VerticalFilter_MediumFog_Redo_3-21-26_aligned/cars/image0220.jpg,archive/cars/image0220.jpg,nan,nan,nan,nan
cars,image0230.jpg,VerticalFilter_MediumFog_Redo_3-21-26_aligned/cars/image0230.jpg,archive/cars/image0230.jpg,nan,nan,nan,nan
cars,image0240.jpg,VerticalFilter_MediumFog_Redo_3-21-26_aligned/cars/image0240.jpg,archive/cars/image0240.jpg,nan,nan,nan,nan
cars,image0250.jpg,VerticalFilter_MediumFog_Redo_3-21-26_aligned/cars/image0250.jpg,archive/cars/image0250.jpg,nan,nan,nan,nan
cars,image0260.jpg,VerticalFilter_MediumFog_Redo_3-21-26_aligned/cars/image0260.jpg,archive/cars/image0260.jpg,nan,nan,nan,nan
cars,image0270.jpg,VerticalFilter_MediumFog_Redo_3-21-26_aligned/cars/image0270.jpg,archive/cars/image0270.jpg,nan,nan,nan,nan
cars,image0280.jpg,VerticalFilter_MediumFog_Redo_3-21-26_aligned/cars/image0280.jpg,archive/cars/image0280.jpg,nan,nan,nan,nan
cars,image0290.jpg,VerticalFilter_MediumFog_Redo_3-21-26_aligned/cars/image0290.jpg,archive/cars/image0290.jpg,nan,nan,nan,nan
cars,image0300.jpg,VerticalFilter_MediumFog_Redo_3-21-26_aligned/cars/image0300.jpg,archive/cars/image0300.jpg,nan,nan,nan,nan
cars,image0310.jpg,VerticalFilter_MediumFog_Redo_3-21-26_aligned/cars/image0310.jpg,archive/cars/image0310.jpg,nan,nan,nan,nan
cars,image0320.jpg,VerticalFilter_MediumFog_Redo_3-21-26_aligned/cars/image0320.jpg,archive/cars/image0320.jpg,nan,nan,nan,nan
cars,image0330.jpg,VerticalFilter_MediumFog_Redo_3-21-26_aligned/cars/image0330.jpg,archive/cars/image0330.jpg,nan,nan,nan,nan
cars,image0340.jpg,VerticalFilter_MediumFog_Redo_3-21-26_aligned/cars/image0340.jpg,archive/cars/image0340.jpg,nan,nan,nan,nan
cars,image0350.jpg,VerticalFilter_MediumFog_Redo_3-21-26_aligned/cars/image0350.jpg,archive/cars/image0350.jpg,nan,nan,nan,nan
cars,image0360.jpg,VerticalFilter_MediumFog_Redo_3-21-26_aligned/cars/image0360.jpg,archive/cars/image0360.jpg,nan,nan,nan,nan
cars,image0370.jpg,VerticalFilter_MediumFog_Redo_3-21-26_aligned/cars/image0370.jpg,archive/cars/image0370.jpg,nan,nan,nan,nan
cars,image0380.jpg,VerticalFilter_MediumFog_Redo_3-21-26_aligned/cars/image0380.jpg,archive/cars/image0380.jpg,nan,nan,nan,nan
cars,image0390.jpg,VerticalFilter_MediumFog_Redo_3-21-26_aligned/cars/image0390.jpg,archive/cars/image0390.jpg,nan,nan,nan,nan
cars,image0400.jpg,VerticalFilter_MediumFog_Redo_3-21-26_aligned/cars/image0400.jpg,archive/cars/image0400.jpg,nan,nan,nan,nan
cars,image0410.jpg,VerticalFilter_MediumFog_Redo_3-21-26_aligned/cars/image0410.jpg,archive/cars/image0410.jpg,nan,nan,nan,nan
cars,image0420.jpg,VerticalFilter_MediumFog_Redo_3-21-26_aligned/cars/image0420.jpg,archive/cars/image0420.jpg,nan,nan,nan,nan
cars,image0430.jpg,VerticalFilter_MediumFog_Redo_3-21-26_aligned/cars/image0430.jpg,archive/cars/image0430.jpg,nan,nan,nan,nan
cars,image0440.jpg,VerticalFilter_MediumFog_Redo_3-21-26_aligned/cars/image0440.jpg,archive/cars/image0440.jpg,nan,nan,nan,nan
cars,image0450.jpg,VerticalFilter_MediumFog_Redo_3-21-26_aligned/cars/image0450.jpg,archive/cars/image0450.jpg,nan,nan,nan,nan
cars,image0460.jpg,VerticalFilter_MediumFog_Redo_3-21-26_aligned/cars/image0460.jpg,archive/cars/image0460.jpg,nan,nan,nan,nan
cars,image0470.jpg,VerticalFilter_MediumFog_Redo_3-21-26_aligned/cars/image0470.jpg,archive/cars/image0470.jpg,nan,nan,nan,nan
cars,image0480.jpg,VerticalFilter_MediumFog_Redo_3-21-26_aligned/cars/image0480.jpg,archive/cars/image0480.jpg,nan,nan,nan,nan
cars,image0490.jpg,VerticalFilter_MediumFog_Redo_3-21-26_aligned/cars/image0490.jpg,archive/cars/image0490.jpg,nan,nan,nan,nan
cars,image0500.jpg,VerticalFilter_MediumFog_Redo_3-21-26_aligned/cars/image0500.jpg,archive/cars/image0500.jpg,nan,nan,nan,nan
cars,image0510.jpg,VerticalFilter_MediumFog_Redo_3-21-26_aligned/cars/image0510.jpg,archive/cars/image0510.jpg,nan,nan,nan,nan
cars,image0520.jpg,VerticalFilter_MediumFog_Redo_3-21-26_aligned/cars/image0520.jpg,archive/cars/image0520.jpg,nan,nan,nan,nan
cars,image0530.jpg,VerticalFilter_MediumFog_Redo_3-21-26_aligned/cars/image0530.jpg,archive/cars/image0530.jpg,nan,nan,nan,nan
cars,image0540.jpg,VerticalFilter_MediumFog_Redo_3-21-26_aligned/cars/image0540.jpg,archive/cars/image0540.jpg,nan,nan,nan,nan
cars,image0550.jpg,VerticalFilter_MediumFog_Redo_3-21-26_aligned/cars/image0550.jpg,archive/cars/image0550.jpg,nan,nan,nan,nan
cars,image0560.jpg,VerticalFilter_MediumFog_Redo_3-21-26_aligned/cars/image0560.jpg,archive/cars/image0560.jpg,nan,nan,nan,nan
cars,image0570.jpg,VerticalFilter_MediumFog_Redo_3-21-26_aligned/cars/image0570.jpg,archive/cars/image0570.jpg,nan,nan,nan,nan
cars,image0580.jpg,VerticalFilter_MediumFog_Redo_3-21-26_aligned/cars/image0580.jpg,archive/cars/image0580.jpg,nan,nan,nan,nan
cars,image0590.jpg,VerticalFilter_MediumFog_Redo_3-21-26_aligned/cars/image0590.jpg,archive/cars/image0590.jpg,nan,nan,nan,nan
cars,image0600.jpg,VerticalFilter_MediumFog_Redo_3-21-26_aligned/cars/image0600.jpg,archive/cars/image0600.jpg,nan,nan,nan,nan
cars,image0610.jpg,VerticalFilter_MediumFog_Redo_3-21-26_aligned/cars/image0610.jpg,archive/cars/image0610.jpg,nan,nan,nan,nan
cars,image0620.jpg,VerticalFilter_MediumFog_Redo_3-21-26_aligned/cars/image0620.jpg,archive/cars/image0620.jpg,nan,nan,nan,nan
cars,image0630.jpg,VerticalFilter_MediumFog_Redo_3-21-26_aligned/cars/image0630.jpg,archive/cars/image0630.jpg,nan,nan,nan,nan
cars,image0640.jpg,VerticalFilter_MediumFog_Redo_3-21-26_aligned/cars/image0640.jpg,archive/cars/image0640.jpg,nan,nan,nan,nan
cars,image0650.jpg,VerticalFilter_MediumFog_Redo_3-21-26_aligned/cars/image0650.jpg,archive/cars/image0650.jpg,nan,nan,nan,nan
cars,image0660.jpg,VerticalFilter_MediumFog_Redo_3-21-26_aligned/cars/image0660.jpg,archive/cars/image0660.jpg,nan,nan,nan,nan
cars,image0670.jpg,VerticalFilter_MediumFog_Redo_3-21-26_aligned/cars/image0670.jpg,archive/cars/image0670.jpg,nan,nan,nan,nan
cars,image0680.jpg,VerticalFilter_MediumFog_Redo_3-21-26_aligned/cars/image0680.jpg,archive/cars/image0680.jpg,nan,nan,nan,nan
cars,image0690.jpg,VerticalFilter_MediumFog_Redo_3-21-26_aligned/cars/image0690.jpg,archive/cars/image0690.jpg,nan,nan,nan,nan
cars,image0700.jpg,VerticalFilter_MediumFog_Redo_3-21-26_aligned/cars/image0700.jpg,archive/cars/image0700.jpg,nan,nan,nan,nan
cars,image0710.jpg,VerticalFilter_MediumFog_Redo_3-21-26_aligned/cars/image0710.jpg,archive/cars/image0710.jpg,nan,nan,nan,nan
cars,image0720.jpg,VerticalFilter_MediumFog_Redo_3-21-26_aligned/cars/image0720.jpg,archive/cars/image0720.jpg,nan,nan,nan,nan
cars,image0730.jpg,VerticalFilter_MediumFog_Redo_3-21-26_aligned/cars/image0730.jpg,archive/cars/image0730.jpg,nan,nan,nan,nan
cars,image0740.jpg,VerticalFilter_MediumFog_Redo_3-21-26_aligned/cars/image0740.jpg,archive/cars/image0740.jpg,nan,nan,nan,nan
cars,image0750.jpg,VerticalFilter_MediumFog_Redo_3-21-26_aligned/cars/image0750.jpg,archive/cars/image0750.jpg,nan,nan,nan,nan
cars,image0760.jpg,VerticalFilter_MediumFog_Redo_3-21-26_aligned/cars/image0760.jpg,archive/cars/image0760.jpg,nan,nan,nan,nan
cars,image0770.jpg,VerticalFilter_MediumFog_Redo_3-21-26_aligned/cars/image0770.jpg,archive/cars/image0770.jpg,nan,nan,nan,nan
cars,image0780.jpg,VerticalFilter_MediumFog_Redo_3-21-26_aligned/cars/image0780.jpg,archive/cars/image0780.jpg,nan,nan,nan,nan
cars,image0790.jpg,VerticalFilter_MediumFog_Redo_3-21-26_aligned/cars/image0790.jpg,archive/cars/image0790.jpg,nan,nan,nan,nan
cars,image0800.jpg,VerticalFilter_MediumFog_Redo_3-21-26_aligned/cars/image0800.jpg,archive/cars/image0800.jpg,nan,nan,nan,nan
cars,image0810.jpg,VerticalFilter_MediumFog_Redo_3-21-26_aligned/cars/image0810.jpg,archive/cars/image0810.jpg,nan,nan,nan,nan
cars,image0820.jpg,VerticalFilter_MediumFog_Redo_3-21-26_aligned/cars/image0820.jpg,archive/cars/image0820.jpg,nan,nan,nan,nan
cars,image0830.jpg,VerticalFilter_MediumFog_Redo_3-21-26_aligned/cars/image0830.jpg,archive/cars/image0830.jpg,nan,nan,nan,nan
cars,image0840.jpg,VerticalFilter_MediumFog_Redo_3-21-26_aligned/cars/image0840.jpg,archive/cars/image0840.jpg,nan,nan,nan,nan
cars,image0850.jpg,VerticalFilter_MediumFog_Redo_3-21-26_aligned/cars/image0850.jpg,archive/cars/image0850.jpg,nan,nan,nan,nan
cars,image0860.jpg,VerticalFilter_MediumFog_Redo_3-21-26_aligned/cars/image0860.jpg,archive/cars/image0860.jpg,nan,nan,nan,nan
cars,image0870.jpg,VerticalFilter_MediumFog_Redo_3-21-26_aligned/cars/image0870.jpg,archive/cars/image0870.jpg,nan,nan,nan,nan
cars,image0880.jpg,VerticalFilter_MediumFog_Redo_3-21-26_aligned/cars/image0880.jpg,archive/cars/image0880.jpg,nan,nan,nan,nan
cars,image0890.jpg,VerticalFilter_MediumFog_Redo_3-21-26_aligned/cars/image0890.jpg,archive/cars/image0890.jpg,nan,nan,nan,nan
cars,image0900.jpg,VerticalFilter_MediumFog_Redo_3-21-26_aligned/cars/image0900.jpg,archive/cars/image0900.jpg,nan,nan,nan,nan
cars,image0910.jpg,VerticalFilter_MediumFog_Redo_3-21-26_aligned/cars/image0910.jpg,archive/cars/image0910.jpg,nan,nan,nan,nan
dishes,image0000.jpeg,VerticalFilter_MediumFog_Redo_3-21-26_aligned/dishes/image0000.jpeg,archive/dishes/image0000.jpeg,nan,nan,nan,nan
dishes,image0010.jpeg,VerticalFilter_MediumFog_Redo_3-21-26_aligned/dishes/image0010.jpeg,archive/dishes/image0010.jpeg,nan,nan,nan,nan
dishes,image0020.png,VerticalFilter_MediumFog_Redo_3-21-26_aligned/dishes/image0020.png,archive/dishes/image0020.png,nan,nan,nan,nan
dishes,image0030.jpeg,VerticalFilter_MediumFog_Redo_3-21-26_aligned/dishes/image0030.jpeg,archive/dishes/image0030.jpeg,nan,nan,nan,nan
dishes,image0040.jpeg,VerticalFilter_MediumFog_Redo_3-21-26_aligned/dishes/image0040.jpeg,archive/dishes/image0040.jpeg,nan,nan,nan,nan
dishes,image0050.jpeg,VerticalFilter_MediumFog_Redo_3-21-26_aligned/dishes/image0050.jpeg,archive/dishes/image0050.jpeg,nan,nan,nan,nan
dishes,image0060.jpeg,VerticalFilter_MediumFog_Redo_3-21-26_aligned/dishes/image0060.jpeg,archive/dishes/image0060.jpeg,nan,nan,nan,nan
dishes,image0070.jpeg,VerticalFilter_MediumFog_Redo_3-21-26_aligned/dishes/image0070.jpeg,archive/dishes/image0070.jpeg,nan,nan,nan,nan
dishes,image0080.jpeg,VerticalFilter_MediumFog_Redo_3-21-26_aligned/dishes/image0080.jpeg,archive/dishes/image0080.jpeg,nan,nan,nan,nan
dishes,image0090.jpeg,VerticalFilter_MediumFog_Redo_3-21-26_aligned/dishes/image0090.jpeg,archive/dishes/image0090.jpeg,nan,nan,nan,nan
dishes,image0100.jpeg,VerticalFilter_MediumFog_Redo_3-21-26_aligned/dishes/image0100.jpeg,archive/dishes/image0100.jpeg,nan,nan,nan,nan
dishes,image0110.jpeg,VerticalFilter_MediumFog_Redo_3-21-26_aligned/dishes/image0110.jpeg,archive/dishes/image0110.jpeg,nan,nan,nan,nan
dishes,image0120.jpeg,VerticalFilter_MediumFog_Redo_3-21-26_aligned/dishes/image0120.jpeg,archive/dishes/image0120.jpeg,nan,nan,nan,nan
dishes,image0130.jpeg,VerticalFilter_MediumFog_Redo_3-21-26_aligned/dishes/image0130.jpeg,archive/dishes/image0130.jpeg,nan,nan,nan,nan
dishes,image0140.jpeg,VerticalFilter_MediumFog_Redo_3-21-26_aligned/dishes/image0140.jpeg,archive/dishes/image0140.jpeg,nan,nan,nan,nan
dishes,image0150.jpeg,VerticalFilter_MediumFog_Redo_3-21-26_aligned/dishes/image0150.jpeg,archive/dishes/image0150.jpeg,nan,nan,nan,nan
dishes,image0160.jpeg,VerticalFilter_MediumFog_Redo_3-21-26_aligned/dishes/image0160.jpeg,archive/dishes/image0160.jpeg,nan,nan,nan,nan
dishes,image0170.jpeg,VerticalFilter_MediumFog_Redo_3-21-26_aligned/dishes/image0170.jpeg,archive/dishes/image0170.jpeg,nan,nan,nan,nan
dishes,image0180.jpeg,VerticalFilter_MediumFog_Redo_3-21-26_aligned/dishes/image0180.jpeg,archive/dishes/image0180.jpeg,nan,nan,nan,nan
dishes,image0190.jpeg,VerticalFilter_MediumFog_Redo_3-21-26_aligned/dishes/image0190.jpeg,archive/dishes/image0190.jpeg,nan,nan,nan,nan
dishes,image0200.jpeg,VerticalFilter_MediumFog_Redo_3-21-26_aligned/dishes/image0200.jpeg,archive/dishes/image0200.jpeg,nan,nan,nan,nan
dishes,image0210.png,VerticalFilter_MediumFog_Redo_3-21-26_aligned/dishes/image0210.png,archive/dishes/image0210.png,nan,nan,nan,nan
dishes,image0220.jpeg,VerticalFilter_MediumFog_Redo_3-21-26_aligned/dishes/image0220.jpeg,archive/dishes/image0220.jpeg,nan,nan,nan,nan
dishes,image0230.jpeg,VerticalFilter_MediumFog_Redo_3-21-26_aligned/dishes/image0230.jpeg,archive/dishes/image0230.jpeg,nan,nan,nan,nan
dishes,image0240.jpeg,VerticalFilter_MediumFog_Redo_3-21-26_aligned/dishes/image0240.jpeg,archive/dishes/image0240.jpeg,nan,nan,nan,nan
dishes,image0250.jpeg,VerticalFilter_MediumFog_Redo_3-21-26_aligned/dishes/image0250.jpeg,archive/dishes/image0250.jpeg,nan,nan,nan,nan
dishes,image0260.jpeg,VerticalFilter_MediumFog_Redo_3-21-26_aligned/dishes/image0260.jpeg,archive/dishes/image0260.jpeg,nan,nan,nan,nan
dishes,image0270.jpeg,VerticalFilter_MediumFog_Redo_3-21-26_aligned/dishes/image0270.jpeg,archive/dishes/image0270.jpeg,nan,nan,nan,nan
dishes,image0280.jpeg,VerticalFilter_MediumFog_Redo_3-21-26_aligned/dishes/image0280.jpeg,archive/dishes/image0280.jpeg,nan,nan,nan,nan
dishes,image0290.jpeg,VerticalFilter_MediumFog_Redo_3-21-26_aligned/dishes/image0290.jpeg,archive/dishes/image0290.jpeg,nan,nan,nan,nan
dishes,image0300.jpeg,VerticalFilter_MediumFog_Redo_3-21-26_aligned/dishes/image0300.jpeg,archive/dishes/image0300.jpeg,nan,nan,nan,nan
dishes,image0310.jpeg,VerticalFilter_MediumFog_Redo_3-21-26_aligned/dishes/image0310.jpeg,archive/dishes/image0310.jpeg,nan,nan,nan,nan
dishes,image0320.png,VerticalFilter_MediumFog_Redo_3-21-26_aligned/dishes/image0320.png,archive/dishes/image0320.png,nan,nan,nan,nan
dishes,image0330.jpeg,VerticalFilter_MediumFog_Redo_3-21-26_aligned/dishes/image0330.jpeg,archive/dishes/image0330.jpeg,nan,nan,nan,nan
dishes,image0340.jpeg,VerticalFilter_MediumFog_Redo_3-21-26_aligned/dishes/image0340.jpeg,archive/dishes/image0340.jpeg,nan,nan,nan,nan
dishes,image0350.jpeg,VerticalFilter_MediumFog_Redo_3-21-26_aligned/dishes/image0350.jpeg,archive/dishes/image0350.jpeg,nan,nan,nan,nan
dishes,image0360.png,VerticalFilter_MediumFog_Redo_3-21-26_aligned/dishes/image0360.png,archive/dishes/image0360.png,nan,nan,nan,nan
dishes,image0370.jpeg,VerticalFilter_MediumFog_Redo_3-21-26_aligned/dishes/image0370.jpeg,archive/dishes/image0370.jpeg,nan,nan,nan,nan
dishes,image0380.jpeg,VerticalFilter_MediumFog_Redo_3-21-26_aligned/dishes/image0380.jpeg,archive/dishes/image0380.jpeg,nan,nan,nan,nan
dishes,image0390.jpeg,VerticalFilter_MediumFog_Redo_3-21-26_aligned/dishes/image0390.jpeg,archive/dishes/image0390.jpeg,nan,nan,nan,nan
dishes,image0400.jpeg,VerticalFilter_MediumFog_Redo_3-21-26_aligned/dishes/image0400.jpeg,archive/dishes/image0400.jpeg,nan,nan,nan,nan
dishes,image0410.jpeg,VerticalFilter_MediumFog_Redo_3-21-26_aligned/dishes/image0410.jpeg,archive/dishes/image0410.jpeg,nan,nan,nan,nan
dishes,image0420.jpeg,VerticalFilter_MediumFog_Redo_3-21-26_aligned/dishes/image0420.jpeg,archive/dishes/image0420.jpeg,nan,nan,nan,nan
dishes,image0430.jpeg,VerticalFilter_MediumFog_Redo_3-21-26_aligned/dishes/image0430.jpeg,archive/dishes/image0430.jpeg,nan,nan,nan,nan
dishes,image0440.jpeg,VerticalFilter_MediumFog_Redo_3-21-26_aligned/dishes/image0440.jpeg,archive/dishes/image0440.jpeg,nan,nan,nan,nan
dishes,image0450.jpeg,VerticalFilter_MediumFog_Redo_3-21-26_aligned/dishes/image0450.jpeg,archive/dishes/image0450.jpeg,nan,nan,nan,nan
dishes,image0460.jpeg,VerticalFilter_MediumFog_Redo_3-21-26_aligned/dishes/image0460.jpeg,archive/dishes/image0460.jpeg,nan,nan,nan,nan
dishes,image0470.png,VerticalFilter_MediumFog_Redo_3-21-26_aligned/dishes/image0470.png,archive/dishes/image0470.png,nan,nan,nan,nan
dishes,image0480.jpeg,VerticalFilter_MediumFog_Redo_3-21-26_aligned/dishes/image0480.jpeg,archive/dishes/image0480.jpeg,nan,nan,nan,nan
dishes,image0490.jpeg,VerticalFilter_MediumFog_Redo_3-21-26_aligned/dishes/image0490.jpeg,archive/dishes/image0490.jpeg,nan,nan,nan,nan
dishes,image0500.jpeg,VerticalFilter_MediumFog_Redo_3-21-26_aligned/dishes/image0500.jpeg,archive/dishes/image0500.jpeg,nan,nan,nan,nan
dishes,image0510.jpeg,VerticalFilter_MediumFog_Redo_3-21-26_aligned/dishes/image0510.jpeg,archive/dishes/image0510.jpeg,nan,nan,nan,nan
dishes,image0520.jpeg,VerticalFilter_MediumFog_Redo_3-21-26_aligned/dishes/image0520.jpeg,archive/dishes/image0520.jpeg,nan,nan,nan,nan
dishes,image0530.jpeg,VerticalFilter_MediumFog_Redo_3-21-26_aligned/dishes/image0530.jpeg,archive/dishes/image0530.jpeg,nan,nan,nan,nan
dishes,image0540.jpeg,VerticalFilter_MediumFog_Redo_3-21-26_aligned/dishes/image0540.jpeg,archive/dishes/image0540.jpeg,nan,nan,nan,nan
dishes,image0550.jpeg,VerticalFilter_MediumFog_Redo_3-21-26_aligned/dishes/image0550.jpeg,archive/dishes/image0550.jpeg,nan,nan,nan,nan
dishes,image0560.jpeg,VerticalFilter_MediumFog_Redo_3-21-26_aligned/dishes/image0560.jpeg,archive/dishes/image0560.jpeg,nan,nan,nan,nan
dishes,image0570.jpeg,VerticalFilter_MediumFog_Redo_3-21-26_aligned/dishes/image0570.jpeg,archive/dishes/image0570.jpeg,nan,nan,nan,nan
dishes,image0580.jpeg,VerticalFilter_MediumFog_Redo_3-21-26_aligned/dishes/image0580.jpeg,archive/dishes/image0580.jpeg,nan,nan,nan,nan
dishes,image0590.jpeg,VerticalFilter_MediumFog_Redo_3-21-26_aligned/dishes/image0590.jpeg,archive/dishes/image0590.jpeg,nan,nan,nan,nan
dishes,image0600.jpeg,VerticalFilter_MediumFog_Redo_3-21-26_aligned/dishes/image0600.jpeg,archive/dishes/image0600.jpeg,nan,nan,nan,nan
dishes,image0610.jpeg,VerticalFilter_MediumFog_Redo_3-21-26_aligned/dishes/image0610.jpeg,archive/dishes/image0610.jpeg,nan,nan,nan,nan
dishes,image0620.jpeg,VerticalFilter_MediumFog_Redo_3-21-26_aligned/dishes/image0620.jpeg,archive/dishes/image0620.jpeg,nan,nan,nan,nan
dishes,image0630.jpeg,VerticalFilter_MediumFog_Redo_3-21-26_aligned/dishes/image0630.jpeg,archive/dishes/image0630.jpeg,nan,nan,nan,nan
dishes,image0640.jpeg,VerticalFilter_MediumFog_Redo_3-21-26_aligned/dishes/image0640.jpeg,archive/dishes/image0640.jpeg,nan,nan,nan,nan
dishes,image0650.jpeg,VerticalFilter_MediumFog_Redo_3-21-26_aligned/dishes/image0650.jpeg,archive/dishes/image0650.jpeg,nan,nan,nan,nan
dishes,image0660.jpeg,VerticalFilter_MediumFog_Redo_3-21-26_aligned/dishes/image0660.jpeg,archive/dishes/image0660.jpeg,nan,nan,nan,nan
dishes,image0671.jpeg,VerticalFilter_MediumFog_Redo_3-21-26_aligned/dishes/image0671.jpeg,archive/dishes/image0671.jpeg,nan,nan,nan,nan
dishes,image0681.jpeg,VerticalFilter_MediumFog_Redo_3-21-26_aligned/dishes/image0681.jpeg,archive/dishes/image0681.jpeg,nan,nan,nan,nan
dishes,image0691.jpeg,VerticalFilter_MediumFog_Redo_3-21-26_aligned/dishes/image0691.jpeg,archive/dishes/image0691.jpeg,nan,nan,nan,nan
dishes,image0701.jpeg,VerticalFilter_MediumFog_Redo_3-21-26_aligned/dishes/image0701.jpeg,archive/dishes/image0701.jpeg,nan,nan,nan,nan
dishes,image0711.jpeg,VerticalFilter_MediumFog_Redo_3-21-26_aligned/dishes/image0711.jpeg,archive/dishes/image0711.jpeg,nan,nan,nan,nan
dishes,image0721.jpeg,VerticalFilter_MediumFog_Redo_3-21-26_aligned/dishes/image0721.jpeg,archive/dishes/image0721.jpeg,nan,nan,nan,nan
dishes,image0731.png,VerticalFilter_MediumFog_Redo_3-21-26_aligned/dishes/image0731.png,archive/dishes/image0731.png,nan,nan,nan,nan
dishes,image0741.jpeg,VerticalFilter_MediumFog_Redo_3-21-26_aligned/dishes/image0741.jpeg,archive/dishes/image0741.jpeg,nan,nan,nan,nan
dishes,image0751.jpeg,VerticalFilter_MediumFog_Redo_3-21-26_aligned/dishes/image0751.jpeg,archive/dishes/image0751.jpeg,nan,nan,nan,nan
dishes,image0761.jpeg,VerticalFilter_MediumFog_Redo_3-21-26_aligned/dishes/image0761.jpeg,archive/dishes/image0761.jpeg,nan,nan,nan,nan
dishes,image0771.jpeg,VerticalFilter_MediumFog_Redo_3-21-26_aligned/dishes/image0771.jpeg,archive/dishes/image0771.jpeg,nan,nan,nan,nan
dishes,image0781.jpeg,VerticalFilter_MediumFog_Redo_3-21-26_aligned/dishes/image0781.jpeg,archive/dishes/image0781.jpeg,nan,nan,nan,nan
dishes,image0791.png,VerticalFilter_MediumFog_Redo_3-21-26_aligned/dishes/image0791.png,archive/dishes/image0791.png,nan,nan,nan,nan
dishes,image0801.jpeg,VerticalFilter_MediumFog_Redo_3-21-26_aligned/dishes/image0801.jpeg,archive/dishes/image0801.jpeg,nan,nan,nan,nan
dishes,image0811.jpeg,VerticalFilter_MediumFog_Redo_3-21-26_aligned/dishes/image0811.jpeg,archive/dishes/image0811.jpeg,nan,nan,nan,nan
dishes,image0821.jpeg,VerticalFilter_MediumFog_Redo_3-21-26_aligned/dishes/image0821.jpeg,archive/dishes/image0821.jpeg,nan,nan,nan,nan
dishes,image0831.jpeg,VerticalFilter_MediumFog_Redo_3-21-26_aligned/dishes/image0831.jpeg,archive/dishes/image0831.jpeg,nan,nan,nan,nan
dishes,image0841.jpeg,VerticalFilter_MediumFog_Redo_3-21-26_aligned/dishes/image0841.jpeg,archive/dishes/image0841.jpeg,nan,nan,nan,nan
dishes,image0851.jpeg,VerticalFilter_MediumFog_Redo_3-21-26_aligned/dishes/image0851.jpeg,archive/dishes/image0851.jpeg,nan,nan,nan,nan
dishes,image0861.jpeg,VerticalFilter_MediumFog_Redo_3-21-26_aligned/dishes/image0861.jpeg,archive/dishes/image0861.jpeg,nan,nan,nan,nan
dishes,image0871.jpeg,VerticalFilter_MediumFog_Redo_3-21-26_aligned/dishes/image0871.jpeg,archive/dishes/image0871.jpeg,nan,nan,nan,nan
dishes,image0881.png,VerticalFilter_MediumFog_Redo_3-21-26_aligned/dishes/image0881.png,archive/dishes/image0881.png,nan,nan,nan,nan
dishes,image0891.jpeg,VerticalFilter_MediumFog_Redo_3-21-26_aligned/dishes/image0891.jpeg,archive/dishes/image0891.jpeg,nan,nan,nan,nan
dishes,image0901.jpeg,VerticalFilter_MediumFog_Redo_3-21-26_aligned/dishes/image0901.jpeg,archive/dishes/image0901.jpeg,nan,nan,nan,nan
dishes,image0911.jpeg,VerticalFilter_MediumFog_Redo_3-21-26_aligned/dishes/image0911.jpeg,archive/dishes/image0911.jpeg,nan,nan,nan,nan
furniture,image0000.jpeg,VerticalFilter_MediumFog_Redo_3-21-26_aligned/furniture/image0000.jpeg,archive/furniture/image0000.jpeg,nan,nan,nan,nan
furniture,image0010.jpeg,VerticalFilter_MediumFog_Redo_3-21-26_aligned/furniture/image0010.jpeg,archive/furniture/image0010.jpeg,nan,nan,nan,nan
furniture,image0020.jpeg,VerticalFilter_MediumFog_Redo_3-21-26_aligned/furniture/image0020.jpeg,archive/furniture/image0020.jpeg,nan,nan,nan,nan
furniture,image0030.jpeg,VerticalFilter_MediumFog_Redo_3-21-26_aligned/furniture/image0030.jpeg,archive/furniture/image0030.jpeg,nan,nan,nan,nan
furniture,image0040.jpeg,VerticalFilter_MediumFog_Redo_3-21-26_aligned/furniture/image0040.jpeg,archive/furniture/image0040.jpeg,nan,nan,nan,nan
furniture,image0050.jpeg,VerticalFilter_MediumFog_Redo_3-21-26_aligned/furniture/image0050.jpeg,archive/furniture/image0050.jpeg,nan,nan,nan,nan
furniture,image0060.png,VerticalFilter_MediumFog_Redo_3-21-26_aligned/furniture/image0060.png,archive/furniture/image0060.png,nan,nan,nan,nan
furniture,image0070.jpeg,VerticalFilter_MediumFog_Redo_3-21-26_aligned/furniture/image0070.jpeg,archive/furniture/image0070.jpeg,nan,nan,nan,nan
furniture,image0080.jpeg,VerticalFilter_MediumFog_Redo_3-21-26_aligned/furniture/image0080.jpeg,archive/furniture/image0080.jpeg,nan,nan,nan,nan
furniture,image0090.jpeg,VerticalFilter_MediumFog_Redo_3-21-26_aligned/furniture/image0090.jpeg,archive/furniture/image0090.jpeg,nan,nan,nan,nan
furniture,image0100.jpeg,VerticalFilter_MediumFog_Redo_3-21-26_aligned/furniture/image0100.jpeg,archive/furniture/image0100.jpeg,nan,nan,nan,nan
furniture,image0110.jpeg,VerticalFilter_MediumFog_Redo_3-21-26_aligned/furniture/image0110.jpeg,archive/furniture/image0110.jpeg,nan,nan,nan,nan
furniture,image0120.jpeg,VerticalFilter_MediumFog_Redo_3-21-26_aligned/furniture/image0120.jpeg,archive/furniture/image0120.jpeg,nan,nan,nan,nan
furniture,image0130.jpeg,VerticalFilter_MediumFog_Redo_3-21-26_aligned/furniture/image0130.jpeg,archive/furniture/image0130.jpeg,nan,nan,nan,nan
furniture,image0140.jpeg,VerticalFilter_MediumFog_Redo_3-21-26_aligned/furniture/image0140.jpeg,archive/furniture/image0140.jpeg,nan,nan,nan,nan
furniture,image0150.jpeg,VerticalFilter_MediumFog_Redo_3-21-26_aligned/furniture/image0150.jpeg,archive/furniture/image0150.jpeg,nan,nan,nan,nan
furniture,image0160.jpeg,VerticalFilter_MediumFog_Redo_3-21-26_aligned/furniture/image0160.jpeg,archive/furniture/image0160.jpeg,nan,nan,nan,nan
furniture,image0170.jpeg,VerticalFilter_MediumFog_Redo_3-21-26_aligned/furniture/image0170.jpeg,archive/furniture/image0170.jpeg,nan,nan,nan,nan
furniture,image0180.jpeg,VerticalFilter_MediumFog_Redo_3-21-26_aligned/furniture/image0180.jpeg,archive/furniture/image0180.jpeg,nan,nan,nan,nan
furniture,image0190.jpeg,VerticalFilter_MediumFog_Redo_3-21-26_aligned/furniture/image0190.jpeg,archive/furniture/image0190.jpeg,nan,nan,nan,nan
furniture,image0200.jpeg,VerticalFilter_MediumFog_Redo_3-21-26_aligned/furniture/image0200.jpeg,archive/furniture/image0200.jpeg,nan,nan,nan,nan
furniture,image0210.jpeg,VerticalFilter_MediumFog_Redo_3-21-26_aligned/furniture/image0210.jpeg,archive/furniture/image0210.jpeg,nan,nan,nan,nan
furniture,image0220.jpeg,VerticalFilter_MediumFog_Redo_3-21-26_aligned/furniture/image0220.jpeg,archive/furniture/image0220.jpeg,nan,nan,nan,nan
furniture,image0230.jpeg,VerticalFilter_MediumFog_Redo_3-21-26_aligned/furniture/image0230.jpeg,archive/furniture/image0230.jpeg,nan,nan,nan,nan
furniture,image0240.png,VerticalFilter_MediumFog_Redo_3-21-26_aligned/furniture/image0240.png,archive/furniture/image0240.png,nan,nan,nan,nan
furniture,image0250.png,VerticalFilter_MediumFog_Redo_3-21-26_aligned/furniture/image0250.png,archive/furniture/image0250.png,nan,nan,nan,nan
furniture,image0260.jpeg,VerticalFilter_MediumFog_Redo_3-21-26_aligned/furniture/image0260.jpeg,archive/furniture/image0260.jpeg,nan,nan,nan,nan
furniture,image0270.jpeg,VerticalFilter_MediumFog_Redo_3-21-26_aligned/furniture/image0270.jpeg,archive/furniture/image0270.jpeg,nan,nan,nan,nan
furniture,image0280.jpeg,VerticalFilter_MediumFog_Redo_3-21-26_aligned/furniture/image0280.jpeg,archive/furniture/image0280.jpeg,nan,nan,nan,nan
furniture,image0290.jpeg,VerticalFilter_MediumFog_Redo_3-21-26_aligned/furniture/image0290.jpeg,archive/furniture/image0290.jpeg,nan,nan,nan,nan
furniture,image0300.jpeg,VerticalFilter_MediumFog_Redo_3-21-26_aligned/furniture/image0300.jpeg,archive/furniture/image0300.jpeg,nan,nan,nan,nan
furniture,image0310.jpeg,VerticalFilter_MediumFog_Redo_3-21-26_aligned/furniture/image0310.jpeg,archive/furniture/image0310.jpeg,nan,nan,nan,nan
furniture,image0320.jpeg,VerticalFilter_MediumFog_Redo_3-21-26_aligned/furniture/image0320.jpeg,archive/furniture/image0320.jpeg,nan,nan,nan,nan
furniture,image0330.jpeg,VerticalFilter_MediumFog_Redo_3-21-26_aligned/furniture/image0330.jpeg,archive/furniture/image0330.jpeg,nan,nan,nan,nan
furniture,image0340.jpeg,VerticalFilter_MediumFog_Redo_3-21-26_aligned/furniture/image0340.jpeg,archive/furniture/image0340.jpeg,nan,nan,nan,nan
furniture,image0350.jpeg,VerticalFilter_MediumFog_Redo_3-21-26_aligned/furniture/image0350.jpeg,archive/furniture/image0350.jpeg,nan,nan,nan,nan
furniture,image0360.jpeg,VerticalFilter_MediumFog_Redo_3-21-26_aligned/furniture/image0360.jpeg,archive/furniture/image0360.jpeg,nan,nan,nan,nan
furniture,image0370.jpeg,VerticalFilter_MediumFog_Redo_3-21-26_aligned/furniture/image0370.jpeg,archive/furniture/image0370.jpeg,nan,nan,nan,nan
furniture,image0380.jpeg,VerticalFilter_MediumFog_Redo_3-21-26_aligned/furniture/image0380.jpeg,archive/furniture/image0380.jpeg,nan,nan,nan,nan
furniture,image0390.jpeg,VerticalFilter_MediumFog_Redo_3-21-26_aligned/furniture/image0390.jpeg,archive/furniture/image0390.jpeg,nan,nan,nan,nan
furniture,image0400.jpeg,VerticalFilter_MediumFog_Redo_3-21-26_aligned/furniture/image0400.jpeg,archive/furniture/image0400.jpeg,nan,nan,nan,nan
furniture,image0410.jpeg,VerticalFilter_MediumFog_Redo_3-21-26_aligned/furniture/image0410.jpeg,archive/furniture/image0410.jpeg,nan,nan,nan,nan
furniture,image0420.jpeg,VerticalFilter_MediumFog_Redo_3-21-26_aligned/furniture/image0420.jpeg,archive/furniture/image0420.jpeg,nan,nan,nan,nan
furniture,image0430.jpeg,VerticalFilter_MediumFog_Redo_3-21-26_aligned/furniture/image0430.jpeg,archive/furniture/image0430.jpeg,nan,nan,nan,nan
furniture,image0440.jpeg,VerticalFilter_MediumFog_Redo_3-21-26_aligned/furniture/image0440.jpeg,archive/furniture/image0440.jpeg,nan,nan,nan,nan
furniture,image0450.jpeg,VerticalFilter_MediumFog_Redo_3-21-26_aligned/furniture/image0450.jpeg,archive/furniture/image0450.jpeg,nan,nan,nan,nan
furniture,image0460.jpeg,VerticalFilter_MediumFog_Redo_3-21-26_aligned/furniture/image0460.jpeg,archive/furniture/image0460.jpeg,nan,nan,nan,nan
furniture,image0470.jpeg,VerticalFilter_MediumFog_Redo_3-21-26_aligned/furniture/image0470.jpeg,archive/furniture/image0470.jpeg,nan,nan,nan,nan
furniture,image0480.jpeg,VerticalFilter_MediumFog_Redo_3-21-26_aligned/furniture/image0480.jpeg,archive/furniture/image0480.jpeg,nan,nan,nan,nan
furniture,image0490.jpeg,VerticalFilter_MediumFog_Redo_3-21-26_aligned/furniture/image0490.jpeg,archive/furniture/image0490.jpeg,nan,nan,nan,nan
furniture,image0500.jpeg,VerticalFilter_MediumFog_Redo_3-21-26_aligned/furniture/image0500.jpeg,archive/furniture/image0500.jpeg,nan,nan,nan,nan
furniture,image0510.jpeg,VerticalFilter_MediumFog_Redo_3-21-26_aligned/furniture/image0510.jpeg,archive/furniture/image0510.jpeg,nan,nan,nan,nan
furniture,image0520.jpeg,VerticalFilter_MediumFog_Redo_3-21-26_aligned/furniture/image0520.jpeg,archive/furniture/image0520.jpeg,nan,nan,nan,nan
furniture,image0530.jpeg,VerticalFilter_MediumFog_Redo_3-21-26_aligned/furniture/image0530.jpeg,archive/furniture/image0530.jpeg,nan,nan,nan,nan
furniture,image0540.jpeg,VerticalFilter_MediumFog_Redo_3-21-26_aligned/furniture/image0540.jpeg,archive/furniture/image0540.jpeg,nan,nan,nan,nan
furniture,image0550.jpeg,VerticalFilter_MediumFog_Redo_3-21-26_aligned/furniture/image0550.jpeg,archive/furniture/image0550.jpeg,nan,nan,nan,nan
furniture,image0560.jpeg,VerticalFilter_MediumFog_Redo_3-21-26_aligned/furniture/image0560.jpeg,archive/furniture/image0560.jpeg,nan,nan,nan,nan
furniture,image0570.jpeg,VerticalFilter_MediumFog_Redo_3-21-26_aligned/furniture/image0570.jpeg,archive/furniture/image0570.jpeg,nan,nan,nan,nan
furniture,image0580.jpeg,VerticalFilter_MediumFog_Redo_3-21-26_aligned/furniture/image0580.jpeg,archive/furniture/image0580.jpeg,nan,nan,nan,nan
furniture,image0590.jpeg,VerticalFilter_MediumFog_Redo_3-21-26_aligned/furniture/image0590.jpeg,archive/furniture/image0590.jpeg,nan,nan,nan,nan
furniture,image0600.jpeg,VerticalFilter_MediumFog_Redo_3-21-26_aligned/furniture/image0600.jpeg,archive/furniture/image0600.jpeg,nan,nan,nan,nan
furniture,image0610.jpeg,VerticalFilter_MediumFog_Redo_3-21-26_aligned/furniture/image0610.jpeg,archive/furniture/image0610.jpeg,nan,nan,nan,nan
furniture,image0620.jpeg,VerticalFilter_MediumFog_Redo_3-21-26_aligned/furniture/image0620.jpeg,archive/furniture/image0620.jpeg,nan,nan,nan,nan
furniture,image0630.jpeg,VerticalFilter_MediumFog_Redo_3-21-26_aligned/furniture/image0630.jpeg,archive/furniture/image0630.jpeg,nan,nan,nan,nan
furniture,image0640.jpeg,VerticalFilter_MediumFog_Redo_3-21-26_aligned/furniture/image0640.jpeg,archive/furniture/image0640.jpeg,nan,nan,nan,nan
furniture,image0650.jpeg,VerticalFilter_MediumFog_Redo_3-21-26_aligned/furniture/image0650.jpeg,archive/furniture/image0650.jpeg,nan,nan,nan,nan
furniture,image0660.jpeg,VerticalFilter_MediumFog_Redo_3-21-26_aligned/furniture/image0660.jpeg,archive/furniture/image0660.jpeg,nan,nan,nan,nan
furniture,image0670.jpeg,VerticalFilter_MediumFog_Redo_3-21-26_aligned/furniture/image0670.jpeg,archive/furniture/image0670.jpeg,nan,nan,nan,nan
furniture,image0680.jpeg,VerticalFilter_MediumFog_Redo_3-21-26_aligned/furniture/image0680.jpeg,archive/furniture/image0680.jpeg,nan,nan,nan,nan
furniture,image0690.jpeg,VerticalFilter_MediumFog_Redo_3-21-26_aligned/furniture/image0690.jpeg,archive/furniture/image0690.jpeg,nan,nan,nan,nan
furniture,image0700.jpeg,VerticalFilter_MediumFog_Redo_3-21-26_aligned/furniture/image0700.jpeg,archive/furniture/image0700.jpeg,nan,nan,nan,nan
furniture,image0710.jpeg,VerticalFilter_MediumFog_Redo_3-21-26_aligned/furniture/image0710.jpeg,archive/furniture/image0710.jpeg,nan,nan,nan,nan
furniture,image0720.jpeg,VerticalFilter_MediumFog_Redo_3-21-26_aligned/furniture/image0720.jpeg,archive/furniture/image0720.jpeg,nan,nan,nan,nan
furniture,image0730.jpeg,VerticalFilter_MediumFog_Redo_3-21-26_aligned/furniture/image0730.jpeg,archive/furniture/image0730.jpeg,nan,nan,nan,nan
furniture,image0740.jpeg,VerticalFilter_MediumFog_Redo_3-21-26_aligned/furniture/image0740.jpeg,archive/furniture/image0740.jpeg,nan,nan,nan,nan
furniture,image0750.jpeg,VerticalFilter_MediumFog_Redo_3-21-26_aligned/furniture/image0750.jpeg,archive/furniture/image0750.jpeg,nan,nan,nan,nan
furniture,image0760.png,VerticalFilter_MediumFog_Redo_3-21-26_aligned/furniture/image0760.png,archive/furniture/image0760.png,nan,nan,nan,nan
furniture,image0770.jpeg,VerticalFilter_MediumFog_Redo_3-21-26_aligned/furniture/image0770.jpeg,archive/furniture/image0770.jpeg,nan,nan,nan,nan
furniture,image0780.jpeg,VerticalFilter_MediumFog_Redo_3-21-26_aligned/furniture/image0780.jpeg,archive/furniture/image0780.jpeg,nan,nan,nan,nan
furniture,image0790.jpeg,VerticalFilter_MediumFog_Redo_3-21-26_aligned/furniture/image0790.jpeg,archive/furniture/image0790.jpeg,nan,nan,nan,nan
furniture,image0800.jpeg,VerticalFilter_MediumFog_Redo_3-21-26_aligned/furniture/image0800.jpeg,archive/furniture/image0800.jpeg,nan,nan,nan,nan
furniture,image0810.jpeg,VerticalFilter_MediumFog_Redo_3-21-26_aligned/furniture/image0810.jpeg,archive/furniture/image0810.jpeg,nan,nan,nan,nan
furniture,image0820.jpeg,VerticalFilter_MediumFog_Redo_3-21-26_aligned/furniture/image0820.jpeg,archive/furniture/image0820.jpeg,nan,nan,nan,nan
furniture,image0830.jpeg,VerticalFilter_MediumFog_Redo_3-21-26_aligned/furniture/image0830.jpeg,archive/furniture/image0830.jpeg,nan,nan,nan,nan
furniture,image0840.jpeg,VerticalFilter_MediumFog_Redo_3-21-26_aligned/furniture/image0840.jpeg,archive/furniture/image0840.jpeg,nan,nan,nan,nan
furniture,image0850.jpeg,VerticalFilter_MediumFog_Redo_3-21-26_aligned/furniture/image0850.jpeg,archive/furniture/image0850.jpeg,nan,nan,nan,nan
furniture,image0860.jpeg,VerticalFilter_MediumFog_Redo_3-21-26_aligned/furniture/image0860.jpeg,archive/furniture/image0860.jpeg,nan,nan,nan,nan
furniture,image0870.jpeg,VerticalFilter_MediumFog_Redo_3-21-26_aligned/furniture/image0870.jpeg,archive/furniture/image0870.jpeg,nan,nan,nan,nan
furniture,image0880.jpeg,VerticalFilter_MediumFog_Redo_3-21-26_aligned/furniture/image0880.jpeg,archive/furniture/image0880.jpeg,nan,nan,nan,nan
furniture,image0890.png,VerticalFilter_MediumFog_Redo_3-21-26_aligned/furniture/image0890.png,archive/furniture/image0890.png,nan,nan,nan,nan
furniture,image0900.jpeg,VerticalFilter_MediumFog_Redo_3-21-26_aligned/furniture/image0900.jpeg,archive/furniture/image0900.jpeg,nan,nan,nan,nan
furniture,image0910.jpeg,VerticalFilter_MediumFog_Redo_3-21-26_aligned/furniture/image0910.jpeg,archive/furniture/image0910.jpeg,nan,nan,nan,nan
illustrations,image0000.jpeg,VerticalFilter_MediumFog_Redo_3-21-26_aligned/illustrations/image0000.jpeg,archive/illustrations/image0000.jpeg,nan,nan,nan,nan
illustrations,image0010.jpeg,VerticalFilter_MediumFog_Redo_3-21-26_aligned/illustrations/image0010.jpeg,archive/illustrations/image0010.jpeg,nan,nan,nan,nan
illustrations,image0020.jpeg,VerticalFilter_MediumFog_Redo_3-21-26_aligned/illustrations/image0020.jpeg,archive/illustrations/image0020.jpeg,nan,nan,nan,nan
illustrations,image0030.jpeg,VerticalFilter_MediumFog_Redo_3-21-26_aligned/illustrations/image0030.jpeg,archive/illustrations/image0030.jpeg,nan,nan,nan,nan
illustrations,image0040.jpeg,VerticalFilter_MediumFog_Redo_3-21-26_aligned/illustrations/image0040.jpeg,archive/illustrations/image0040.jpeg,nan,nan,nan,nan
illustrations,image0050.png,VerticalFilter_MediumFog_Redo_3-21-26_aligned/illustrations/image0050.png,archive/illustrations/image0050.png,nan,nan,nan,nan
illustrations,image0060.png,VerticalFilter_MediumFog_Redo_3-21-26_aligned/illustrations/image0060.png,archive/illustrations/image0060.png,nan,nan,nan,nan
illustrations,image0070.jpeg,VerticalFilter_MediumFog_Redo_3-21-26_aligned/illustrations/image0070.jpeg,archive/illustrations/image0070.jpeg,nan,nan,nan,nan
illustrations,image0080.png,VerticalFilter_MediumFog_Redo_3-21-26_aligned/illustrations/image0080.png,archive/illustrations/image0080.png,nan,nan,nan,nan
illustrations,image0090.jpeg,VerticalFilter_MediumFog_Redo_3-21-26_aligned/illustrations/image0090.jpeg,archive/illustrations/image0090.jpeg,nan,nan,nan,nan
illustrations,image0100.png,VerticalFilter_MediumFog_Redo_3-21-26_aligned/illustrations/image0100.png,archive/illustrations/image0100.png,nan,nan,nan,nan
illustrations,image0110.jpeg,VerticalFilter_MediumFog_Redo_3-21-26_aligned/illustrations/image0110.jpeg,archive/illustrations/image0110.jpeg,nan,nan,nan,nan
illustrations,image0120.jpeg,VerticalFilter_MediumFog_Redo_3-21-26_aligned/illustrations/image0120.jpeg,archive/illustrations/image0120.jpeg,nan,nan,nan,nan
illustrations,image0130.jpeg,VerticalFilter_MediumFog_Redo_3-21-26_aligned/illustrations/image0130.jpeg,archive/illustrations/image0130.jpeg,nan,nan,nan,nan
illustrations,image0140.jpeg,VerticalFilter_MediumFog_Redo_3-21-26_aligned/illustrations/image0140.jpeg,archive/illustrations/image0140.jpeg,nan,nan,nan,nan
illustrations,image0150.jpeg,VerticalFilter_MediumFog_Redo_3-21-26_aligned/illustrations/image0150.jpeg,archive/illustrations/image0150.jpeg,nan,nan,nan,nan
illustrations,image0160.png,VerticalFilter_MediumFog_Redo_3-21-26_aligned/illustrations/image0160.png,archive/illustrations/image0160.png,nan,nan,nan,nan
illustrations,image0170.png,VerticalFilter_MediumFog_Redo_3-21-26_aligned/illustrations/image0170.png,archive/illustrations/image0170.png,nan,nan,nan,nan
illustrations,image0180.jpeg,VerticalFilter_MediumFog_Redo_3-21-26_aligned/illustrations/image0180.jpeg,archive/illustrations/image0180.jpeg,nan,nan,nan,nan
illustrations,image0190.png,VerticalFilter_MediumFog_Redo_3-21-26_aligned/illustrations/image0190.png,archive/illustrations/image0190.png,nan,nan,nan,nan
illustrations,image0200.png,VerticalFilter_MediumFog_Redo_3-21-26_aligned/illustrations/image0200.png,archive/illustrations/image0200.png,nan,nan,nan,nan
illustrations,image0210.jpeg,VerticalFilter_MediumFog_Redo_3-21-26_aligned/illustrations/image0210.jpeg,archive/illustrations/image0210.jpeg,nan,nan,nan,nan
illustrations,image0220.png,VerticalFilter_MediumFog_Redo_3-21-26_aligned/illustrations/image0220.png,archive/illustrations/image0220.png,nan,nan,nan,nan
illustrations,image0230.jpeg,VerticalFilter_MediumFog_Redo_3-21-26_aligned/illustrations/image0230.jpeg,archive/illustrations/image0230.jpeg,nan,nan,nan,nan
illustrations,image0240.jpeg,VerticalFilter_MediumFog_Redo_3-21-26_aligned/illustrations/image0240.jpeg,archive/illustrations/image0240.jpeg,nan,nan,nan,nan
illustrations,image0250.png,VerticalFilter_MediumFog_Redo_3-21-26_aligned/illustrations/image0250.png,archive/illustrations/image0250.png,nan,nan,nan,nan
illustrations,image0260.jpeg,VerticalFilter_MediumFog_Redo_3-21-26_aligned/illustrations/image0260.jpeg,archive/illustrations/image0260.jpeg,nan,nan,nan,nan
illustrations,image0270.jpeg,VerticalFilter_MediumFog_Redo_3-21-26_aligned/illustrations/image0270.jpeg,archive/illustrations/image0270.jpeg,nan,nan,nan,nan
illustrations,image0280.jpeg,VerticalFilter_MediumFog_Redo_3-21-26_aligned/illustrations/image0280.jpeg,archive/illustrations/image0280.jpeg,nan,nan,nan,nan
illustrations,image0290.jpeg,VerticalFilter_MediumFog_Redo_3-21-26_aligned/illustrations/image0290.jpeg,archive/illustrations/image0290.jpeg,nan,nan,nan,nan
illustrations,image0300.jpeg,VerticalFilter_MediumFog_Redo_3-21-26_aligned/illustrations/image0300.jpeg,archive/illustrations/image0300.jpeg,nan,nan,nan,nan
illustrations,image0310.jpeg,VerticalFilter_MediumFog_Redo_3-21-26_aligned/illustrations/image0310.jpeg,archive/illustrations/image0310.jpeg,nan,nan,nan,nan
illustrations,image0320.jpeg,VerticalFilter_MediumFog_Redo_3-21-26_aligned/illustrations/image0320.jpeg,archive/illustrations/image0320.jpeg,nan,nan,nan,nan
illustrations,image0330.jpeg,VerticalFilter_MediumFog_Redo_3-21-26_aligned/illustrations/image0330.jpeg,archive/illustrations/image0330.jpeg,nan,nan,nan,nan
illustrations,image0340.jpeg,VerticalFilter_MediumFog_Redo_3-21-26_aligned/illustrations/image0340.jpeg,archive/illustrations/image0340.jpeg,nan,nan,nan,nan
illustrations,image0350.jpeg,VerticalFilter_MediumFog_Redo_3-21-26_aligned/illustrations/image0350.jpeg,archive/illustrations/image0350.jpeg,nan,nan,nan,nan
illustrations,image0360.jpeg,VerticalFilter_MediumFog_Redo_3-21-26_aligned/illustrations/image0360.jpeg,archive/illustrations/image0360.jpeg,nan,nan,nan,nan
illustrations,image0370.jpeg,VerticalFilter_MediumFog_Redo_3-21-26_aligned/illustrations/image0370.jpeg,archive/illustrations/image0370.jpeg,nan,nan,nan,nan
illustrations,image0380.png,VerticalFilter_MediumFog_Redo_3-21-26_aligned/illustrations/image0380.png,archive/illustrations/image0380.png,nan,nan,nan,nan
illustrations,image0390.jpeg,VerticalFilter_MediumFog_Redo_3-21-26_aligned/illustrations/image0390.jpeg,archive/illustrations/image0390.jpeg,nan,nan,nan,nan
illustrations,image0400.jpeg,VerticalFilter_MediumFog_Redo_3-21-26_aligned/illustrations/image0400.jpeg,archive/illustrations/image0400.jpeg,nan,nan,nan,nan
illustrations,image0410.jpeg,VerticalFilter_MediumFog_Redo_3-21-26_aligned/illustrations/image0410.jpeg,archive/illustrations/image0410.jpeg,nan,nan,nan,nan
illustrations,image0420.jpeg,VerticalFilter_MediumFog_Redo_3-21-26_aligned/illustrations/image0420.jpeg,archive/illustrations/image0420.jpeg,nan,nan,nan,nan
illustrations,image0430.jpeg,VerticalFilter_MediumFog_Redo_3-21-26_aligned/illustrations/image0430.jpeg,archive/illustrations/image0430.jpeg,nan,nan,nan,nan
illustrations,image0440.jpeg,VerticalFilter_MediumFog_Redo_3-21-26_aligned/illustrations/image0440.jpeg,archive/illustrations/image0440.jpeg,nan,nan,nan,nan
illustrations,image0450.jpeg,VerticalFilter_MediumFog_Redo_3-21-26_aligned/illustrations/image0450.jpeg,archive/illustrations/image0450.jpeg,nan,nan,nan,nan
illustrations,image0460.jpeg,VerticalFilter_MediumFog_Redo_3-21-26_aligned/illustrations/image0460.jpeg,archive/illustrations/image0460.jpeg,nan,nan,nan,nan
illustrations,image0470.jpeg,VerticalFilter_MediumFog_Redo_3-21-26_aligned/illustrations/image0470.jpeg,archive/illustrations/image0470.jpeg,nan,nan,nan,nan
illustrations,image0480.jpeg,VerticalFilter_MediumFog_Redo_3-21-26_aligned/illustrations/image0480.jpeg,archive/illustrations/image0480.jpeg,nan,nan,nan,nan
illustrations,image0490.jpeg,VerticalFilter_MediumFog_Redo_3-21-26_aligned/illustrations/image0490.jpeg,archive/illustrations/image0490.jpeg,nan,nan,nan,nan
illustrations,image0500.jpeg,VerticalFilter_MediumFog_Redo_3-21-26_aligned/illustrations/image0500.jpeg,archive/illustrations/image0500.jpeg,nan,nan,nan,nan
illustrations,image0510.png,VerticalFilter_MediumFog_Redo_3-21-26_aligned/illustrations/image0510.png,archive/illustrations/image0510.png,nan,nan,nan,nan
illustrations,image0520.jpeg,VerticalFilter_MediumFog_Redo_3-21-26_aligned/illustrations/image0520.jpeg,archive/illustrations/image0520.jpeg,nan,nan,nan,nan
illustrations,image0530.jpeg,VerticalFilter_MediumFog_Redo_3-21-26_aligned/illustrations/image0530.jpeg,archive/illustrations/image0530.jpeg,nan,nan,nan,nan
illustrations,image0540.jpeg,VerticalFilter_MediumFog_Redo_3-21-26_aligned/illustrations/image0540.jpeg,archive/illustrations/image0540.jpeg,nan,nan,nan,nan
illustrations,image0550.jpeg,VerticalFilter_MediumFog_Redo_3-21-26_aligned/illustrations/image0550.jpeg,archive/illustrations/image0550.jpeg,nan,nan,nan,nan
illustrations,image0560.jpeg,VerticalFilter_MediumFog_Redo_3-21-26_aligned/illustrations/image0560.jpeg,archive/illustrations/image0560.jpeg,nan,nan,nan,nan
illustrations,image0570.jpeg,VerticalFilter_MediumFog_Redo_3-21-26_aligned/illustrations/image0570.jpeg,archive/illustrations/image0570.jpeg,nan,nan,nan,nan
illustrations,image0580.jpeg,VerticalFilter_MediumFog_Redo_3-21-26_aligned/illustrations/image0580.jpeg,archive/illustrations/image0580.jpeg,nan,nan,nan,nan
illustrations,image0590.jpeg,VerticalFilter_MediumFog_Redo_3-21-26_aligned/illustrations/image0590.jpeg,archive/illustrations/image0590.jpeg,nan,nan,nan,nan
illustrations,image0600.jpeg,VerticalFilter_MediumFog_Redo_3-21-26_aligned/illustrations/image0600.jpeg,archive/illustrations/image0600.jpeg,nan,nan,nan,nan
illustrations,image0610.jpeg,VerticalFilter_MediumFog_Redo_3-21-26_aligned/illustrations/image0610.jpeg,archive/illustrations/image0610.jpeg,nan,nan,nan,nan
illustrations,image0620.jpeg,VerticalFilter_MediumFog_Redo_3-21-26_aligned/illustrations/image0620.jpeg,archive/illustrations/image0620.jpeg,nan,nan,nan,nan
illustrations,image0630.jpeg,VerticalFilter_MediumFog_Redo_3-21-26_aligned/illustrations/image0630.jpeg,archive/illustrations/image0630.jpeg,nan,nan,nan,nan
illustrations,image0640.jpeg,VerticalFilter_MediumFog_Redo_3-21-26_aligned/illustrations/image0640.jpeg,archive/illustrations/image0640.jpeg,nan,nan,nan,nan
illustrations,image0650.jpeg,VerticalFilter_MediumFog_Redo_3-21-26_aligned/illustrations/image0650.jpeg,archive/illustrations/image0650.jpeg,nan,nan,nan,nan
illustrations,image0660.png,VerticalFilter_MediumFog_Redo_3-21-26_aligned/illustrations/image0660.png,archive/illustrations/image0660.png,nan,nan,nan,nan
illustrations,image0670.jpeg,VerticalFilter_MediumFog_Redo_3-21-26_aligned/illustrations/image0670.jpeg,archive/illustrations/image0670.jpeg,nan,nan,nan,nan
illustrations,image0680.jpeg,VerticalFilter_MediumFog_Redo_3-21-26_aligned/illustrations/image0680.jpeg,archive/illustrations/image0680.jpeg,nan,nan,nan,nan
illustrations,image0690.jpeg,VerticalFilter_MediumFog_Redo_3-21-26_aligned/illustrations/image0690.jpeg,archive/illustrations/image0690.jpeg,nan,nan,nan,nan
illustrations,image0700.jpeg,VerticalFilter_MediumFog_Redo_3-21-26_aligned/illustrations/image0700.jpeg,archive/illustrations/image0700.jpeg,nan,nan,nan,nan
illustrations,image0710.jpeg,VerticalFilter_MediumFog_Redo_3-21-26_aligned/illustrations/image0710.jpeg,archive/illustrations/image0710.jpeg,nan,nan,nan,nan
illustrations,image0720.jpeg,VerticalFilter_MediumFog_Redo_3-21-26_aligned/illustrations/image0720.jpeg,archive/illustrations/image0720.jpeg,nan,nan,nan,nan
illustrations,image0730.jpeg,VerticalFilter_MediumFog_Redo_3-21-26_aligned/illustrations/image0730.jpeg,archive/illustrations/image0730.jpeg,nan,nan,nan,nan
illustrations,image0740.jpeg,VerticalFilter_MediumFog_Redo_3-21-26_aligned/illustrations/image0740.jpeg,archive/illustrations/image0740.jpeg,nan,nan,nan,nan
illustrations,image0751.jpeg,VerticalFilter_MediumFog_Redo_3-21-26_aligned/illustrations/image0751.jpeg,archive/illustrations/image0751.jpeg,nan,nan,nan,nan
illustrations,image0761.jpeg,VerticalFilter_MediumFog_Redo_3-21-26_aligned/illustrations/image0761.jpeg,archive/illustrations/image0761.jpeg,nan,nan,nan,nan
illustrations,image0771.jpeg,VerticalFilter_MediumFog_Redo_3-21-26_aligned/illustrations/image0771.jpeg,archive/illustrations/image0771.jpeg,nan,nan,nan,nan
illustrations,image0781.jpeg,VerticalFilter_MediumFog_Redo_3-21-26_aligned/illustrations/image0781.jpeg,archive/illustrations/image0781.jpeg,nan,nan,nan,nan
illustrations,image0791.jpeg,VerticalFilter_MediumFog_Redo_3-21-26_aligned/illustrations/image0791.jpeg,archive/illustrations/image0791.jpeg,nan,nan,nan,nan
illustrations,image0801.jpeg,VerticalFilter_MediumFog_Redo_3-21-26_aligned/illustrations/image0801.jpeg,archive/illustrations/image0801.jpeg,nan,nan,nan,nan
illustrations,image0811.jpeg,VerticalFilter_MediumFog_Redo_3-21-26_aligned/illustrations/image0811.jpeg,archive/illustrations/image0811.jpeg,nan,nan,nan,nan
illustrations,image0821.jpeg,VerticalFilter_MediumFog_Redo_3-21-26_aligned/illustrations/image0821.jpeg,archive/illustrations/image0821.jpeg,nan,nan,nan,nan
illustrations,image0831.png,VerticalFilter_MediumFog_Redo_3-21-26_aligned/illustrations/image0831.png,archive/illustrations/image0831.png,nan,nan,nan,nan
illustrations,image0841.jpeg,VerticalFilter_MediumFog_Redo_3-21-26_aligned/illustrations/image0841.jpeg,archive/illustrations/image0841.jpeg,nan,nan,nan,nan
illustrations,image0851.jpeg,VerticalFilter_MediumFog_Redo_3-21-26_aligned/illustrations/image0851.jpeg,archive/illustrations/image0851.jpeg,nan,nan,nan,nan
illustrations,image0861.jpeg,VerticalFilter_MediumFog_Redo_3-21-26_aligned/illustrations/image0861.jpeg,archive/illustrations/image0861.jpeg,nan,nan,nan,nan
illustrations,image0871.jpeg,VerticalFilter_MediumFog_Redo_3-21-26_aligned/illustrations/image0871.jpeg,archive/illustrations/image0871.jpeg,nan,nan,nan,nan
illustrations,image0881.jpeg,VerticalFilter_MediumFog_Redo_3-21-26_aligned/illustrations/image0881.jpeg,archive/illustrations/image0881.jpeg,nan,nan,nan,nan
illustrations,image0891.jpeg,VerticalFilter_MediumFog_Redo_3-21-26_aligned/illustrations/image0891.jpeg,archive/illustrations/image0891.jpeg,nan,nan,nan,nan
illustrations,image0901.jpeg,VerticalFilter_MediumFog_Redo_3-21-26_aligned/illustrations/image0901.jpeg,archive/illustrations/image0901.jpeg,nan,nan,nan,nan
illustrations,image0911.jpeg,VerticalFilter_MediumFog_Redo_3-21-26_aligned/illustrations/image0911.jpeg,archive/illustrations/image0911.jpeg,nan,nan,nan,nan
